   0.0000000e+00  -2.0751237e-03   3.7871069e-02  -3.5820902e-02   3.5660709e-03   1.4407182e-03  -2.5467341e-02  -3.1381100e-02   3.7938326e-02  -2.8448583e-02   7.6230201e-02   9.6376797e-02  -6.2951007e-02   6.8449777e-02  -4.1551432e-02   3.2209570e-02   8.6447845e-02  -4.3619317e-02  -3.4787714e-02   6.4576952e-02  -1.1295017e-01   8.4295348e-02  -6.0736025e-02  -2.9814202e-02  -5.5992746e-02   1.2502496e-02   3.8174894e-02  -2.2567650e-02   6.4942937e-02   7.9932041e-03  -1.4804238e-02  -1.2389531e-01   8.8621573e-03   1.1053088e-01   1.5178991e-02   4.8079608e-02  -2.8449152e-04   4.7008841e-02   6.4026135e-02   3.4036963e-02  -8.8343859e-03  -1.0098903e-01  -8.4592130e-03   6.3662714e-02   1.0307609e-01   6.6806057e-02  -2.4038120e-02   4.3389355e-03   3.6358844e-03   1.9793393e-02  -6.5394184e-02  -3.9243504e-03   1.3208094e-02   1.3624080e-02   3.6521958e-02  -8.5282350e-02   5.3947806e-02  -7.6444243e-02  -9.8852873e-02  -1.0854889e-02   5.9061575e-02   5.2071016e-02  -1.0154284e-01  -4.9616268e-02  -4.1592251e-02   3.7384849e-02  -2.4021714e-02   6.9689272e-02   3.8197399e-02   5.8324797e-02  -6.6286213e-02   5.7037795e-02  -2.5734719e-02   3.2800087e-02   8.6043554e-02  -2.4506654e-02   5.5455198e-02  -4.7426674e-02   3.8499727e-02  -1.8835001e-02  -6.9622473e-02   1.2830156e-01  -4.0606850e-02  -7.1018032e-02   1.8393755e-02   1.1286038e-01   9.8086313e-03   6.9175855e-02   6.0429305e-02  -3.3913629e-02  -4.5173269e-02   1.0501749e-01  -3.4066346e-02   1.7785143e-02  -3.1651357e-02  -7.5482377e-03   1.1192817e-01   9.0343520e-02   2.6847006e-02  -2.7339603e-02
  -2.0751237e-03   0.0000000e+00  -9.0197131e-02   2.2853254e-02  -8.4828750e-03   1.5297726e-01  -5.6450012e-02  -6.4287244e-02  -2.6436078e-02  -1.0796243e-02  -4.8912358e-02  -1.5205407e-02   6.6888446e-02  -5.0217454e-02  -5.6137223e-03  -7.1288888e-03  -5.6966794e-02   4.9296733e-02  -3.6645420e-02   2.6980124e-02   9.2707792e-02   7.6619122e-02  -3.7848737e-02   1.8633393e-02  -2.1869354e-02  -2.5975550e-02   2.3388121e-02   2.0174571e-03  -2.7582350e-04   3.0278352e-02   2.7270277e-02   6.0448326e-03  -9.4152963e-02   2.0289938e-03  -5.6640635e-02  -5.2127779e-02  -9.0809704e-02  -9.8029485e-02  -8.4756648e-03   6.9629048e-02   1.3372486e-02   2.4310975e-02  -2.4664852e-02   1.5622106e-02   1.6899004e-03  -5.7832487e-03   3.8638325e-02  -5.5470142e-02  -4.8491322e-02   3.4054535e-02   4.4885158e-02   3.1196666e-02  -6.8075402e-02   7.3967776e-02  -2.0547578e-02  -7.6420286e-03   6.8523204e-02  -1.5934643e-02   6.2866270e-02  -5.1203637e-02  -1.2093227e-01  -1.2853622e-02   2.6857460e-03   4.5020527e-02   1.6025132e-03  -1.8550704e-02   2.6014871e-02   4.1595570e-02  -6.8413407e-02   3.1973010e-02   2.8171538e-02  -7.0191431e-02   3.5138522e-02   3.1649812e-02   7.6214362e-02   5.0107172e-02   3.6231581e-02  -2.5973380e-02   3.7065795e-02   1.2367290e-02   3.4364899e-02  -5.9553338e-02   3.4594682e-02  -2.4241229e-02   3.0220589e-02   3.3236329e-02   3.7479839e-03  -9.0896347e-02   4.3479413e-02  -3.3412204e-02  -3.7695451e-02   2.0496453e-02   2.4277241e-02   8.4532199e-03   1.6842823e-03   8.4127314e-02  -2.0387593e-02  -2.1751962e-02  -3.3415731e-02  -4.4623219e-02
   3.7871069e-02  -9.0197131e-02   0.0000000e+00  -3.1808924e-03   1.1067382e-02   4.6986529e-02  -1.2844874e-03   1.9087990e-02  -1.5796077e-02  -2.9851258e-02  -2.3002716e-02   4.9316124e-02  -7.3450070e-02   1.0016419e-01   5.1415842e-02  -6.7310470e-02   1.4021475e-01   4.6728313e-02   1.4751340e-01   2.6412327e-02  -1.0290006e-01   1.6769390e-02   3.1516337e-02  -9.1174445e-03  -6.4253290e-02  -1.5877606e-02  -2.2508738e-02   5.8650525e-02   5.8939333e-02   3.6577741e-02  -6.5660533e-02   3.0349412e-04  -5.5075981e-02   4.1688695e-02   3.2487573e-02   6.8942626e-02   1.1902170e-01   1.8344632e-01  -9.1711948e-03  -1.5933243e-01  -5.0805924e-02  -9.6218323e-02   1.6619589e-01  -3.3244884e-02   8.0565128e-02  -4.2751241e-02   5.5528510e-02   2.2256628e-02  -4.0173128e-02  -3.8501358e-02   3.7925919e-02  -3.3886304e-02   5.8468347e-02  -9.8084375e-02  -2.1382417e-02   1.9023115e-02   1.1045226e-01   3.4514390e-03  -4.8205785e-02   1.6592705e-02   3.5129253e-02  -9.0148765e-02  -1.1340517e-01   2.7759793e-02   7.2196859e-02   7.4337899e-03   5.0719632e-02   5.5186677e-02  -6.2298477e-02   1.3671037e-01  -9.9482970e-02   5.6365747e-02  -2.2180329e-02  -5.0458074e-02   2.5553110e-02  -8.9133548e-02   5.0757328e-02   4.5901131e-02   4.7386628e-02   1.3558987e-02  -3.8824729e-02   7.1880544e-02  -3.0962373e-02  -1.0560440e-01   1.4356636e-02  -1.3700253e-03   3.3369290e-02   9.2094218e-02   2.6842797e-02  -6.6086874e-02  -1.4114076e-02   7.6370400e-02  -5.7988744e-02   5.9078735e-02   7.3297377e-02   2.0194529e-02   6.4293326e-02  -2.9077197e-02  -5.7803653e-02   2.2807654e-02
  -3.5820902e-02   2.2853254e-02  -3.1808924e-03   0.0000000e+00  -2.1120528e-01   1.2166346e-01  -1.6055677e-01  -2.6139444e-02  -1.2114157e-01   6.2715668e-02  -4.4827431e-02  -1.3355571e-01   8.7552554e-02   9.8211137e-02  -7.7131832e-04   3.2872759e-02  -1.1304804e-02   5.2346333e-02   5.7016567e-02  -1.5083394e-02  -2.6027682e-02   1.4349038e-01  -1.3916188e-02  -4.3469745e-02  -6.2141906e-02  -1.1982404e-01  -1.0849551e-01  -3.0500941e-02  -1.1992159e-01  -1.8045465e-02  -3.1448476e-03  -1.3748734e-02   1.6361907e-02   3.8096028e-04   2.8395622e-02   3.2775849e-02  -9.1935801e-02   4.8845848e-02   6.5057114e-02  -5.9584549e-02   4.8440665e-02  -7.2532472e-04   8.0929804e-03   6.3083438e-02  -5.6812439e-02  -1.5927816e-02  -1.7441068e-01   1.0761255e-01  -4.1418805e-02  -1.1734747e-02  -2.4244015e-02  -6.3792645e-02   8.8594656e-02   3.8277236e-02  -4.9195867e-02   1.1690511e-01   2.2162226e-02   8.6272926e-02  -3.3297548e-02   1.1464968e-01  -4.8326929e-02  -7.7562698e-02  -1.1776481e-02  -4.2475052e-02   4.0165389e-02   7.2669496e-02  -5.7776461e-03   3.2159966e-02   6.9201668e-03   1.9119336e-02   1.1811625e-02   2.5992434e-02   2.9756693e-02  -1.8965597e-02   4.0064572e-03   4.8174191e-02   2.6123578e-02  -6.5096780e-02   2.3776744e-02  -1.0716710e-01  -2.3317286e-02   2.8403876e-03  -3.3881752e-02   2.3742081e-01  -4.5183438e-03  -6.0926140e-03  -2.1720332e-02   3.8254570e-02   3.7690156e-02  -2.1686355e-02  -1.4126295e-01  -7.7326097e-02  -2.2188257e-02   8.8485429e-02  -2.9986198e-02  -4.9592632e-03   2.2921276e-02  -5.4638044e-03   5.7750609e-02  -9.4846658e-02
   3.5660709e-03  -8.4828750e-03   1.1067382e-02  -2.1120528e-01   0.0000000e+00  -8.2949637e-02   1.1627850e-01  -1.9904829e-02   2.4639311e-02   1.3455636e-02   4.8979609e-02  -9.1398762e-03  -4.6660700e-03  -4.2173125e-02   3.1780933e-02   1.5692594e-02   3.8957138e-02  -6.0452010e-02  -1.8962456e-02  -4.1350768e-02   6.8863102e-02  -4.5710697e-02   3.8536011e-02   5.5006521e-02   8.4272213e-02   3.6647127e-02   8.1201036e-02   1.5475262e-02   2.1481131e-06   2.3494888e-02  -7.5291440e-03   2.9029203e-02  -4.7805297e-02   2.0607453e-02   8.6095691e-03   8.7686011e-03   3.2806234e-02   7.9927650e-02  -5.1556765e-02   3.2107359e-03  -6.1125735e-03   4.6373925e-02  -1.8010976e-02   4.1819821e-02   3.4212621e-02   3.7951531e-02   1.1964159e-02  -3.4582266e-02  -3.8636749e-02  -3.8696615e-02  -5.1458093e-02   1.3640866e-01  -7.0262278e-02  -4.7382856e-03   1.3189658e-02  -5.9477558e-02   2.9117153e-02  -2.7901182e-02   3.7492798e-02  -6.2654909e-02   3.3265192e-03   6.5256226e-02  -5.5952183e-03   6.6305566e-02  -9.1548582e-03   6.1879022e-02   8.4271567e-03  -6.0163235e-03   2.5195959e-02  -4.8218098e-02  -2.9609459e-02   2.8995089e-02   4.9228938e-02   9.3226516e-02  -5.2269965e-02  -2.8198794e-02  -2.0079299e-02   3.0670883e-02  -2.9888878e-02   1.0446520e-01  -5.8719840e-02   7.1272219e-03  -4.6380315e-02  -4.8872459e-02   5.1528242e-03  -4.1346652e-03   5.9967859e-02   4.1631729e-02  -1.5877547e-02   1.0305254e-02   1.2408054e-01   4.8001425e-02  -2.0610061e-02  -2.9975691e-02  -1.3707447e-02   1.7388326e-02   1.1766138e-01  -1.2034276e-02   4.6870206e-02  -4.2454718e-02
   1.4407182e-03   1.5297726e-01   4.6986529e-02   1.2166346e-01  -8.2949637e-02   0.0000000e+00  -8.8045403e-03  -1.1913985e-01  -7.9173927e-02  -1.7382454e-03   3.6502615e-03  -3.8765788e-02   1.4554366e-01  -6.0887032e-02   5.0727267e-02  -8.4474718e-03   3.4296507e-02  -2.8408691e-02  -7.0099024e-02   7.8635910e-02  -9.8337527e-02   2.6217289e-01  -5.0775409e-02  -4.4598643e-02  -3.2465296e-02  -1.0829603e-01  -4.0851211e-02  -2.3049709e-02  -4.0625484e-02  -3.6723735e-02   2.9856649e-02  -2.8076774e-02  -2.2408301e-02   1.4105350e-01  -2.1750834e-02  -8.2378994e-03  -2.3642062e-03  -6.9804686e-03   2.6959871e-02  -7.3556750e-02   6.6218604e-03   2.3498071e-02   3.7265097e-02   2.9330677e-02   1.7094597e-02   4.7535154e-03  -2.7257183e-02  -3.7906432e-02  -9.8199015e-02  -3.5785243e-02  -2.8500906e-02  -3.2043811e-02  -1.1385607e-02   1.4690029e-02  -4.6939812e-02  -1.0540441e-02   1.5111039e-01   4.7537610e-03   2.0966225e-02   1.8972499e-02  -1.7172299e-02  -1.5183656e-02  -6.4150531e-02  -4.1859271e-02  -3.7741193e-02  -3.6259764e-02   4.5525034e-02  -1.1345365e-01  -5.1327822e-02   8.8378369e-02  -3.0152694e-02   2.5297516e-02  -1.3527028e-01  -3.8577479e-02   8.4208426e-02   2.2892312e-02   5.6180049e-02  -7.7745921e-04   3.3504357e-02  -3.2909442e-02  -4.9344469e-02  -3.6709859e-03  -4.4106414e-02  -1.2403545e-01  -1.3896629e-01   1.8697256e-01  -4.5162394e-02  -8.9712506e-02   1.0555589e-01   1.8154054e-02  -5.5553657e-02   2.2112961e-02  -5.3662424e-02   1.4510132e-01  -3.1633834e-02   1.5812237e-01  -4.4196736e-02  -2.1694198e-02  -6.9303005e-02  -6.0586412e-05
  -2.5467341e-02  -5.6450012e-02  -1.2844874e-03  -1.6055677e-01   1.1627850e-01  -8.8045403e-03   0.0000000e+00   1.0969162e-01   1.0315773e-02  -9.6844223e-03  -2.3951627e-02  -2.5944033e-02   6.1042167e-02   5.2326512e-02   2.0136863e-02   3.5178037e-02  -6.3233240e-02  -3.7159053e-03  -1.5952103e-02  -9.8036954e-03  -1.6395057e-02  -2.7238882e-02  -5.5939616e-03   8.4703179e-02   4.3252875e-02   3.0442037e-02   2.0094206e-02   1.0001954e-02  -3.9902371e-02  -5.8906271e-02  -2.0423707e-02   5.6071810e-02   3.7165746e-02  -4.6550691e-02   5.3684079e-02  -7.6383786e-02   9.0575930e-02  -1.0562871e-01  -2.8704510e-02  -4.8259091e-03   5.4666932e-03  -3.6918588e-02  -4.1164670e-02  -4.4060657e-02   1.5216579e-03   4.3055187e-02   6.9137893e-03   1.2025373e-02   6.3965557e-02  -1.6862515e-03   4.0002491e-02   5.3075457e-03   4.9286495e-02  -2.6096298e-02   6.2508796e-02  -5.6134156e-03  -4.3645502e-03  -4.8602163e-02   3.7460083e-02  -1.6738948e-02   1.0852576e-01   5.7614924e-02   4.4409249e-02  -3.0008396e-03   7.8151711e-03   4.6020990e-02   1.6714951e-02   1.4150891e-02   1.1389528e-04   6.6373970e-02  -7.6718575e-02   7.8911800e-02   3.6565748e-02   3.6303885e-02  -4.2614853e-03   2.7945685e-02  -2.3640505e-03   1.9407252e-02  -6.9131768e-02   5.2292524e-02   2.1458348e-03   6.3492810e-02   1.8704439e-02  -3.5334596e-02   2.3313641e-02   1.2699776e-02  -5.3984260e-02   8.1892997e-02  -7.1214804e-02   3.3199203e-02   1.0670880e-01   1.7081834e-02   6.4306235e-02  -1.0102229e-03   1.9415110e-02   3.1194626e-03   1.3697280e-02   2.6561907e-02  -1.9620394e-02   5.2541520e-02
  -3.1381100e-02  -6.4287244e-02   1.9087990e-02  -2.6139444e-02  -1.9904829e-02  -1.1913985e-01   1.0969162e-01   0.0000000e+00  -4.5916880e-03   4.4501970e-02  -2.2159270e-02  -1.5179635e-03   6.5333442e-02   7.6923919e-02   4.3657776e-02   6.0357161e-03   7.1048843e-02  -8.0872269e-04   1.0512550e-01  -2.6345988e-04  -7.5079180e-02  -1.1003858e-01   8.3010082e-03   1.0106812e-01   1.2292628e-02   6.7440202e-02   7.5876685e-02   2.2935195e-03   5.1244861e-02   6.8428101e-03  -9.8636169e-02  -4.4433440e-02   4.8979551e-02  -1.0313259e-01   9.1172669e-02   2.5674483e-01   3.3085962e-02  -7.5445303e-02   7.5502793e-02   2.2483486e-02   1.3152370e-01  -3.1276012e-02   4.3043701e-02   1.4249217e-02  -3.8129512e-02   8.7506129e-02  -3.6959210e-02   9.7275255e-03   5.6883349e-02   2.5338582e-02   1.6094746e-02   8.6045351e-02   1.0297298e-01  -3.4718326e-02   3.5875635e-02   4.2312957e-02  -7.2042989e-02   1.2729103e-01  -2.3208625e-02   1.2150892e-01   1.2485166e-01   1.7415240e-01  -4.4485012e-03  -3.2438675e-02   7.5537328e-02   6.0953662e-02  -1.1817684e-02   1.3234801e-01   9.3287698e-02   1.8903266e-02  -9.6905522e-02   1.1279129e-01   2.0553449e-01   4.4781594e-02  -9.7777231e-02  -4.7422416e-02   4.3790224e-02  -1.7287113e-02  -4.5135033e-02  -6.4183213e-02   4.0765655e-02   7.4417262e-02   3.3538271e-02   1.7664427e-01   9.5518582e-02   3.8471868e-02  -9.8398595e-02   5.9099195e-02   5.0092705e-02   1.0995382e-01   5.2218576e-02   1.5335113e-02   5.0261479e-02  -8.7215568e-02   4.0063659e-03  -7.0616389e-02   8.7007011e-04   2.6261701e-01   7.7114755e-02   8.9151498e-02
   3.7938326e-02  -2.6436078e-02  -1.5796077e-02  -1.2114157e-01   2.4639311e-02  -7.9173927e-02   1.0315773e-02  -4.5916880e-03   0.0000000e+00  -4.8836313e-02   6.9375274e-02   4.4558583e-02  -7.1540292e-02   6.2511823e-03  -2.0928604e-02  -4.9631102e-02  -3.0219151e-02   6.6980341e-02  -2.6921812e-02  -3.4007075e-02   6.4439896e-02  -3.4234608e-02   1.8957512e-02   3.9620119e-03   2.9374390e-02  -6.5104899e-03   8.5044219e-02  -1.2396965e-02   6.6036012e-02   1.0083792e-02   8.6808916e-02   4.0438615e-02   8.3768297e-02  -1.2092915e-01  -3.5244645e-03  -5.0714303e-02   1.5698029e-02   2.1792421e-02  -1.6840076e-02   1.0946706e-01   4.7599913e-02  -2.3496676e-02  -8.2796372e-02  -6.1095404e-02   2.8328294e-02  -1.8850879e-02  -2.4410219e-02   1.6619795e-02   6.7064612e-02  -6.1503227e-03  -1.1549963e-02   3.9321931e-02   2.3800097e-03   1.0790255e-02   2.6261275e-02  -7.8624052e-02  -1.8898105e-02  -6.7120095e-02   2.3192938e-02  -7.6260814e-03  -3.7544562e-02  -1.9169702e-04  -4.0012416e-02   5.4310748e-02  -5.4223004e-02  -4.7691291e-02  -1.9288323e-03  -4.7741058e-05   3.4149153e-02   1.7829580e-02   4.7030033e-02  -8.6866868e-02   4.3009581e-02   2.1540174e-02  -4.5263980e-02  -8.9025392e-02   1.4039447e-02   2.8293908e-03   5.1788864e-02   8.6470019e-02  -2.7999016e-02  -7.4688268e-02   2.1794411e-02  -2.3263410e-02   1.2792825e-01  -3.3619947e-02   1.2118892e-01   2.3126573e-02  -2.0410197e-02   2.8249960e-02   2.7793330e-02  -1.1121048e-03   3.6004097e-02  -4.2042502e-02   9.5055562e-02   1.6885009e-02   2.7413255e-02  -9.0400507e-02   1.7958391e-02  -3.2530333e-02
  -2.8448583e-02  -1.0796243e-02  -2.9851258e-02   6.2715668e-02   1.3455636e-02  -1.7382454e-03  -9.6844223e-03   4.4501970e-02  -4.8836313e-02   0.0000000e+00  -3.7280358e-02  -5.4045173e-02  -2.8842012e-02   3.1437104e-02  -5.3438498e-02   1.5136084e-01   4.8211108e-02  -9.5767188e-02   4.2312874e-02   8.1109433e-02  -3.2436795e-02  -6.6221361e-02  -2.2048500e-02   1.9435375e-02   1.1440895e-01   4.3568069e-02  -6.5705778e-02  -3.3352397e-02   1.5184823e-02  -1.4896873e-03  -3.9169464e-02   1.1216034e-02  -5.4294671e-02   6.5689934e-05  -1.7725953e-02   8.2408887e-02  -5.0780961e-02  -3.2438612e-02   3.8657130e-02  -4.5053184e-02   6.3212349e-02   1.5302137e-01  -1.0516509e-01   1.1790880e-01   3.6104818e-02   4.1435247e-02  -1.2304477e-02  -2.0520707e-02  -1.7432341e-02   3.2265815e-02   1.6977189e-02   5.8937283e-02  -1.4049615e-02  -4.0085571e-02   6.9483121e-03  -2.2261664e-02  -4.8311184e-02  -1.0693256e-02  -2.3459973e-02   7.3377399e-02  -4.1773179e-02   3.4000890e-02  -9.5888516e-03  -5.2288591e-03   1.6295380e-02   4.7972533e-02  -1.7504933e-02  -2.8663563e-02   6.8474764e-02  -2.5136246e-02  -9.2557130e-03   8.7095475e-02   5.8013866e-02  -9.5661356e-02  -7.2434833e-02   4.4883720e-02   4.4818322e-03  -1.3241123e-02  -3.1742519e-02   1.4665290e-02   6.8694152e-02   4.6049075e-02   9.1703477e-02   7.8604480e-02  -2.3900174e-02  -2.4471853e-02  -7.3398508e-02  -2.9909946e-02   4.3426022e-02   1.1988035e-01   1.1710418e-02  -5.4070548e-02   4.2500503e-02  -3.7019219e-02  -9.4631828e-02  -1.1855391e-02  -1.7039728e-02   3.0934762e-02  -5.4874999e-03   1.7608463e-01
   7.6230201e-02  -4.8912358e-02  -2.3002716e-02  -4.4827431e-02   4.8979609e-02   3.6502615e-03  -2.3951627e-02  -2.2159270e-02   6.9375274e-02  -3.7280358e-02   0.0000000e+00   9.2336201e-02   6.8623160e-03  -5.2106631e-02   7.1418999e-02   5.8761866e-03  -3.3354865e-02  -1.3568300e-02  -7.3896524e-02  -2.2266595e-02  -5.2011068e-02  -1.5874715e-02   6.1962180e-02  -3.8227150e-02  -9.9109480e-03   1.9461464e-02   4.6832666e-02   2.3388424e-02   1.9985851e-02   9.6834753e-02   1.3491954e-02  -3.8321101e-02   2.3108178e-02   4.7882003e-02  -4.3715621e-02   1.7832648e-03   3.5978730e-02   1.1151076e-01   3.3626778e-02   9.3212613e-03   3.7149123e-03   7.1378222e-02   3.6271819e-02  -4.3732788e-02   7.0902263e-02   5.7596054e-02  -8.1038961e-03  -3.1340825e-02  -1.1061867e-02  -3.2468286e-02  -2.1303824e-02  -5.1146206e-03  -3.8883540e-02  -7.2890846e-03  -2.1317683e-02  -4.3165152e-02  -4.1493429e-02  -8.3051831e-02   2.3172857e-02  -3.2215587e-02   1.6762363e-02  -3.1409822e-03  -1.5941167e-01   9.2858204e-02  -2.8670126e-02   3.1194114e-02   7.1579517e-02  -1.5744266e-02   7.7287618e-02   5.3371434e-02  -6.5888634e-02   5.0659073e-03   3.0034346e-02   1.1722078e-01   6.2484700e-02   2.6339099e-03  -2.5898890e-02   1.1230163e-01   5.7683552e-02  -1.3230204e-02  -8.7306616e-02  -2.8561662e-02  -2.1448348e-02  -2.2529607e-02   4.4757906e-03   8.4461214e-03   1.6901529e-01   4.8592665e-02  -1.4054165e-02   3.1563185e-02  -1.8170627e-02   1.0219011e-01  -1.1553790e-01   8.6301298e-02   1.6620620e-01   3.1365333e-02  -7.7989287e-05  -3.8627712e-04  -9.5518262e-02  -6.1471843e-02
   9.6376797e-02  -1.5205407e-02   4.9316124e-02  -1.3355571e-01  -9.1398762e-03  -3.8765788e-02  -2.5944033e-02  -1.5179635e-03   4.4558583e-02  -5.4045173e-02   9.2336201e-02   0.0000000e+00  -5.1581976e-02   1.7829768e-03  -3.9556930e-02  -3.1787852e-02   5.0913495e-02   5.8651173e-03  -4.6419056e-03   8.6035375e-03  -3.3992433e-03  -5.4301799e-03   3.0342861e-02   1.5201051e-02   2.4015362e-02   2.4420329e-02   4.9289540e-02   8.3274000e-02   4.6881927e-02   8.0681047e-02   2.1104512e-02  -1.7534583e-02  -2.6543467e-03   1.7210843e-02  -2.5651939e-02  -2.0042418e-02   5.9167244e-02   6.2454559e-02  -5.9518683e-02  -3.3390670e-02   9.3151593e-03  -1.9863355e-02  -3.2391271e-02  -6.7315640e-02   8.8290197e-02   1.6847447e-02   3.1163673e-02   2.9649465e-02   3.4056378e-03   5.1950576e-02  -1.2302810e-02   1.1172381e-02   7.7161624e-03  -3.3978004e-02  -7.9160929e-03  -2.4748519e-03   6.8442700e-02  -1.0569997e-01  -2.7237669e-02  -1.7365520e-02   6.2519699e-03  -2.8273936e-02  -1.3848923e-02  -7.9777763e-03  -1.1797797e-03  -6.2832523e-03  -1.0215847e-02  -1.0297790e-02  -2.3149036e-03   3.2926318e-02  -4.7185811e-03  -4.1171596e-02  -2.3666801e-02  -2.6959806e-02   1.3378178e-01   1.8949794e-02   7.1856437e-02  -9.0983655e-03   7.5629086e-02  -1.4254272e-02   3.4662943e-03   2.9879161e-03  -2.8904820e-05  -7.6393276e-02  -2.2786596e-02   4.6147388e-03   4.5268861e-02   5.7579192e-03   1.6661107e-02   2.2691313e-03   2.2644636e-02   2.3992741e-02  -1.4764325e-02   3.8061194e-02  -4.6749623e-03   2.4203274e-02  -4.9792783e-03  -1.9869232e-02  -3.4615231e-02  -9.1538079e-03
  -6.2951007e-02   6.6888446e-02  -7.3450070e-02   8.7552554e-02  -4.6660700e-03   1.4554366e-01   6.1042167e-02   6.5333442e-02  -7.1540292e-02  -2.8842012e-02   6.8623160e-03  -5.1581976e-02   0.0000000e+00  -4.5223282e-02   6.0588764e-02  -5.1822763e-03  -5.1737835e-02   3.2823703e-02  -2.5879335e-02  -1.6964319e-02   1.7493679e-02   3.7910692e-02  -3.6831686e-02  -1.2450805e-02  -3.3261724e-02   5.6452177e-03   1.8012458e-02   1.3208877e-02  -2.4797342e-02  -2.9741272e-02   1.4538654e-02  -5.6534927e-02   5.4546030e-02  -5.6708681e-02   1.1739097e-02  -4.2550571e-02  -3.3281978e-02  -8.2434504e-02  -4.7597952e-03  -4.9625588e-03  -1.3791904e-02  -1.1305623e-02  -3.5791037e-02  -2.7706404e-02  -3.3356178e-02  -3.6066938e-03  -7.5249133e-02  -1.0290822e-02   2.7703513e-02  -1.1885977e-02   1.2614564e-02   4.8118313e-03  -4.1336175e-02   6.0733256e-02  -4.9819633e-03   4.9293409e-02   1.6875285e-02   4.0279547e-02   9.6340337e-02   1.5899153e-02   3.7848245e-03  -6.6588720e-03   9.4811278e-02  -7.1111072e-02   3.8458388e-02  -2.0217409e-02   1.6855907e-02   1.9453300e-02  -2.0646992e-02  -2.8249973e-02   5.1814059e-03  -1.9957562e-02   7.8097354e-03  -2.2123217e-02  -9.0571712e-03   3.6541677e-02   1.0674197e-02   2.5477082e-02  -2.6124816e-02  -1.9144447e-03   5.7690786e-03  -4.9968002e-02  -5.2860799e-02   7.9647091e-02  -5.5090553e-02   7.3984541e-02   5.5387622e-03  -2.8067543e-02   1.0692988e-02   6.3052497e-02  -3.7706857e-02  -1.1497635e-02   2.4388349e-02   7.8752004e-02  -4.7930415e-02   3.0372110e-02  -8.5402045e-02   4.9101921e-02  -3.3683882e-02   6.3695469e-03
   6.8449777e-02  -5.0217454e-02   1.0016419e-01   9.8211137e-02  -4.2173125e-02  -6.0887032e-02   5.2326512e-02   7.6923919e-02   6.2511823e-03   3.1437104e-02  -5.2106631e-02   1.7829768e-03  -4.5223282e-02   0.0000000e+00  -4.1438009e-02   2.5269165e-02   5.9277723e-02   9.4286852e-03   1.2551475e-01   4.7734082e-02  -6.9459516e-02   8.9200324e-02   9.6103435e-03   7.5644333e-02  -4.6957599e-02  -5.0714690e-02  -1.4180855e-02   2.3518530e-02  -1.6667219e-02  -2.0350462e-02  -4.5569021e-02   1.1621548e-03   1.0492863e-01   4.5729752e-02   5.9842204e-02   7.7189787e-02  -2.0888518e-02  -7.2368321e-02   1.0526792e-01   4.1442276e-02   9.4387362e-02  -8.6017760e-02  -1.1398323e-02  -5.3959666e-03   1.5589546e-01   4.3673876e-02  -1.7382856e-02   1.0745576e-01   4.8544935e-02   8.6123039e-03   2.5211780e-02  -5.3342432e-02   8.5517707e-02   1.2302525e-02  -2.1008874e-02   7.6863945e-02   8.1296921e-02   5.9114581e-02  -1.1960303e-02   5.7067483e-02   9.1226365e-02  -5.7347641e-02  -1.6076766e-02  -5.7425747e-02   1.8093408e-01   4.9642350e-02  -6.1692192e-03   7.6634212e-02  -7.9735717e-03   5.9269902e-02   1.5139697e-03   4.4165940e-02   3.7428425e-03   5.7435512e-02  -5.9042780e-02  -3.8080898e-02  -9.2249709e-03  -4.2267964e-02   1.0522157e-02  -7.8795312e-02   7.6885161e-02   6.6651556e-02   1.9021219e-02  -1.4785896e-02   2.0038163e-02   7.8682689e-02   4.1203369e-03   2.8384770e-02   3.8389349e-02  -1.1499261e-02  -2.0520640e-02  -2.0766928e-02  -3.5606333e-02  -1.4054033e-02  -2.5081301e-02  -5.4115865e-02   5.4273308e-02   1.1449342e-01   4.6690090e-02  -6.2625685e-02
  -4.1551432e-02  -5.6137223e-03   5.1415842e-02  -7.7131832e-04   3.1780933e-02   5.0727267e-02   2.0136863e-02   4.3657776e-02  -2.0928604e-02  -5.3438498e-02   7.1418999e-02  -3.9556930e-02   6.0588764e-02  -4.1438009e-02   0.0000000e+00  -4.9728466e-02  -4.5837752e-02   1.6718512e-02  -2.7473167e-03  -4.1721938e-02   7.2554686e-02  -9.8735194e-03   1.3907567e-01   4.5265873e-02  -9.7480890e-02  -2.0705209e-02   5.4858293e-02   1.6061611e-02   3.0950326e-02   9.1858738e-02  -1.2860358e-02   2.8764591e-02  -2.0843208e-02  -6.5562196e-02  -2.8362132e-02   6.3683491e-02   6.0763364e-02   7.1100679e-03   6.0490289e-02  -7.9978080e-02   8.8187874e-03   4.6868581e-02   1.1938488e-01  -3.7266126e-03   5.3555179e-03  -7.9267041e-03  -2.8323749e-03  -4.3349617e-02  -1.0747771e-02   1.0956901e-03   1.8737016e-01  -3.2987892e-02   6.0411946e-02   1.9495848e-02  -3.3169132e-02   2.2495354e-01  -5.2823066e-03   5.4048731e-02   2.9556618e-02  -9.5817790e-02   3.0270822e-02  -5.9754034e-02   4.4425357e-02   6.6314903e-03   6.9034070e-02  -4.3604129e-02   1.4256247e-02  -2.1853529e-02  -3.9500912e-03   1.8821979e-02  -6.7112539e-02  -1.1784020e-02   9.3827907e-02   3.0145824e-02  -2.5043951e-02   8.3846761e-02   3.6007150e-02  -3.3990431e-02   5.9525308e-02   1.2058546e-01  -7.3745748e-03  -4.5372352e-02  -4.4307000e-02  -5.5023647e-02  -1.4914161e-02   9.3318173e-03   1.7732049e-02  -3.0917369e-03   9.8780745e-02  -2.0075415e-02  -1.4602560e-02  -1.4997572e-02  -3.2905386e-02   1.0074611e-01  -4.2892426e-02  -4.5672404e-02  -5.2571301e-02  -4.5705406e-03  -6.5443007e-02  -3.1624923e-02
   3.2209570e-02  -7.1288888e-03  -6.7310470e-02   3.2872759e-02   1.5692594e-02  -8.4474718e-03   3.5178037e-02   6.0357161e-03  -4.9631102e-02   1.5136084e-01   5.8761866e-03  -3.1787852e-02  -5.1822763e-03   2.5269165e-02  -4.9728466e-02   0.0000000e+00  -3.4947977e-02   2.2364089e-03   1.5947073e-02   1.8858766e-02   8.5578148e-03   3.9377628e-03  -4.1426610e-02  -9.0159119e-02   1.0490913e-02  -5.8816961e-02  -7.9192014e-03  -4.1088761e-02  -9.8650555e-03  -6.5898665e-02  -6.1807170e-02  -8.2074149e-02   5.1919828e-02   5.1653473e-02   5.5243158e-02   1.0427271e-01  -2.2108329e-02  -3.7414148e-02   7.1155643e-02  -4.8147948e-02   5.7966382e-02   2.2172373e-02  -6.9977171e-02   8.9361396e-02   4.8747358e-02   4.3118856e-02  -1.0337893e-02   2.5712369e-02   1.5998809e-02   4.7911698e-02  -4.9573452e-02  -3.0852069e-02   2.3370584e-02  -9.3459431e-04   9.3764013e-02   6.5962600e-03  -4.6216438e-02   1.6597841e-02  -2.8463156e-02   1.6294487e-02  -2.3542415e-02   1.8871005e-01   9.8359357e-03  -1.2030786e-02  -3.8982429e-02   1.1537187e-01  -1.5878097e-02   5.3179765e-02   2.6579422e-01  -4.7179476e-02   2.4311828e-03   1.4016373e-01   5.6651630e-02  -4.7829434e-03  -1.8739020e-02   1.3303040e-02  -4.7186096e-02  -9.8435390e-03  -4.8727962e-02   3.2050875e-02  -3.7611230e-02   1.0993646e-01  -3.6901289e-02   1.4463250e-01   4.2280011e-02   4.3706024e-02  -3.7042051e-02  -2.0115257e-02   1.7993109e-02  -4.3118590e-03  -6.8728240e-03  -1.4107068e-02  -4.4083170e-02  -3.0907173e-02  -6.2953253e-02  -7.8908961e-02   4.3128859e-02   1.3913380e-01   2.7911389e-02   1.6544550e-02
   8.6447845e-02  -5.6966794e-02   1.4021475e-01  -1.1304804e-02   3.8957138e-02   3.4296507e-02  -6.3233240e-02   7.1048843e-02  -3.0219151e-02   4.8211108e-02  -3.3354865e-02   5.0913495e-02  -5.1737835e-02   5.9277723e-02  -4.5837752e-02  -3.4947977e-02   0.0000000e+00   9.7631608e-03   1.0209267e-01   8.8515211e-02  -9.5276301e-02   5.3068150e-02   8.8045487e-05   1.9181461e-02  -7.0943067e-03  -6.7117235e-03   2.0714370e-02   4.4991947e-03   4.6193143e-02   1.3029683e-02  -1.6174676e-02  -5.4581857e-02  -2.8891059e-02   1.3929704e-01   6.4248321e-02  -1.9405796e-02   2.8803817e-02   2.5075526e-02   1.1603746e-02   5.3396129e-03   5.8590320e-02  -3.7798362e-02   1.3983772e-02   5.8178405e-03   1.3344753e-01   1.5804691e-02  -3.7944460e-02   4.6819936e-02   1.7389146e-02  -1.4464827e-02  -5.0387353e-02  -3.9303578e-03   1.0498520e-01  -1.9640905e-02  -2.0110301e-02   1.7788648e-02   5.3021728e-03   7.8553210e-03  -4.6829170e-02   7.2622936e-02   7.5374236e-02  -9.5323972e-03  -5.2562422e-02  -1.2839300e-02   6.6793495e-02   1.1036058e-02   8.3491014e-03   3.9774799e-02   6.7492406e-03   5.1476628e-02  -6.3347274e-02   1.0984183e-01  -1.8649717e-02   4.7587995e-02   2.1783536e-02  -5.8065682e-02   8.0240212e-02  -8.0931105e-02   1.6592300e-02  -5.6534677e-03   1.9575606e-02   5.4294440e-02   3.6076082e-03   4.1031327e-03  -4.4298096e-02   3.0284557e-02  -7.3653402e-03  -4.7338321e-03   1.0174400e-01  -1.7850462e-03   1.1131636e-02   6.3218317e-02   2.2488463e-02  -3.1424858e-02  -1.8513708e-02  -3.0350219e-02   2.9837660e-02   1.6856023e-02   9.1626605e-03   3.1122208e-02
  -4.3619317e-02   4.9296733e-02   4.6728313e-02   5.2346333e-02  -6.0452010e-02  -2.8408691e-02  -3.7159053e-03  -8.0872269e-04   6.6980341e-02  -9.5767188e-02  -1.3568300e-02   5.8651173e-03   3.2823703e-02   9.4286852e-03   1.6718512e-02   2.2364089e-03   9.7631608e-03   0.0000000e+00   5.3477959e-03  -3.1317329e-02   1.2628202e-01   1.0862865e-01   6.2593237e-02  -1.5103790e-02  -2.3275891e-02  -2.2627259e-02   1.7240259e-02   4.7869443e-02  -2.4758724e-02  -3.9945917e-02  -9.2455501e-03   4.5702618e-02   1.9834156e-02  -3.3536112e-02  -3.3783119e-02  -3.0917280e-02  -7.4905076e-02  -9.3308452e-03  -1.7052506e-02   7.8242989e-02   2.1382656e-02   4.8900252e-03   7.3132454e-04  -3.3696307e-02  -1.9831810e-02  -1.0143572e-02   3.6577741e-02   2.0990376e-02   1.3971071e-01   1.4433274e-02   1.1279261e-01  -3.6425011e-02   6.2365504e-02   9.8017183e-03   7.8029444e-03   9.9968161e-02   6.0203409e-02  -5.5107599e-03   8.6959692e-02   4.2337835e-02  -5.3491786e-03  -9.3210347e-02  -1.6508050e-03   1.5884519e-01   4.8756160e-02  -5.4087357e-02  -3.5243427e-02   3.1154952e-02  -1.1921409e-02   2.1592202e-02   6.1007559e-02  -5.0836717e-02   2.5755279e-02  -3.8344280e-03  -4.7328777e-02  -1.2966680e-02   1.3038821e-02  -5.5406089e-02   3.7079717e-02  -1.0197016e-03  -9.8057969e-03  -5.4525750e-02   2.2016716e-02   4.0049610e-02   7.9983162e-02  -8.7858046e-03   1.6160505e-02   6.8628973e-02   5.3335207e-02  -5.5053580e-03   9.6843819e-02  -5.2261586e-03   7.1647055e-02   1.3713411e-02  -2.0373348e-02  -3.0067698e-02  -6.6223315e-02   2.8842199e-03  -4.1929602e-02  -6.5806464e-02
  -3.4787714e-02  -3.6645420e-02   1.4751340e-01   5.7016567e-02  -1.8962456e-02  -7.0099024e-02  -1.5952103e-02   1.0512550e-01  -2.6921812e-02   4.2312874e-02  -7.3896524e-02  -4.6419056e-03  -2.5879335e-02   1.2551475e-01  -2.7473167e-03   1.5947073e-02   1.0209267e-01   5.3477959e-03   0.0000000e+00   6.4523532e-02  -3.1213237e-02   1.6851016e-02   1.3510200e-02   2.3132590e-02  -4.1131578e-02  -2.2795499e-02   3.1605062e-02   3.3534374e-03   8.3729152e-03   9.6351659e-03   1.4929984e-02  -1.2681082e-02  -6.2152245e-02   3.0824301e-02   4.8372991e-02   1.0043543e-01  -4.3358319e-03  -5.7386498e-02   5.2049688e-02  -1.4071812e-02   2.0628609e-02  -2.4120694e-02  -7.6936796e-03   3.0138583e-02   8.0344729e-02  -1.7531902e-02   1.1653355e-02   5.4356195e-02   1.3943236e-02   1.0361116e-02  -5.7926393e-03  -5.7443061e-02   9.1054630e-02  -6.2448001e-02   2.0929755e-02   1.4706174e-01   4.7222399e-02   9.6142267e-02   4.7662575e-03   1.7788086e-01  -2.3268521e-02  -5.0741372e-02  -1.5469062e-02  -4.7096018e-03   2.0896824e-01  -2.0627804e-02  -2.7304150e-02   1.1024850e-01  -2.4834020e-02   1.1193099e-01  -7.0513583e-02   5.1908371e-02   8.2776420e-02   1.5108501e-02  -1.0505517e-01  -3.3067631e-02   1.2838083e-01  -6.6748600e-02  -1.6722070e-02  -2.5054201e-02   1.0866724e-01   6.8282302e-03  -1.7083458e-02   2.7940492e-02  -1.4136934e-02   1.9378668e-02  -5.1288280e-02   8.5331902e-02   7.1829131e-03   6.6964870e-02   1.3744121e-02  -9.4356554e-03   8.1875898e-02  -2.0753957e-02  -3.3165654e-02  -3.7514740e-02   4.0320790e-02   4.3357136e-02   7.3154042e-02   2.5091038e-02
   6.4576952e-02   2.6980124e-02   2.6412327e-02  -1.5083394e-02  -4.1350768e-02   7.8635910e-02  -9.8036954e-03  -2.6345988e-04  -3.4007075e-02   8.1109433e-02  -2.2266595e-02   8.6035375e-03  -1.6964319e-02   4.7734082e-02  -4.1721938e-02   1.8858766e-02   8.8515211e-02  -3.1317329e-02   6.4523532e-02   0.0000000e+00  -3.0009860e-02   4.7693695e-02   4.6962423e-03   4.9203007e-02   1.0714863e-01  -2.2572405e-02   5.9639907e-02   4.8730686e-02   3.5523810e-02   8.4099966e-02   3.7453570e-02   3.8080775e-02  -7.9246538e-02   9.2813343e-02   4.5246195e-02  -3.7954220e-02  -3.4384437e-02  -3.7133877e-02   1.5986787e-02   2.0515984e-02   3.0408643e-02  -5.0382255e-03  -9.0196603e-02   4.6379650e-02   7.5004038e-02   1.0808194e-01   1.3914512e-02   2.1384976e-02  -1.5090170e-02   2.7991842e-02  -1.7694071e-02   6.4225742e-03   9.4849920e-03  -5.5626685e-03  -5.0610564e-02  -5.2053361e-02   1.5114462e-02  -7.7376889e-02   2.7295703e-02  -1.5973530e-02   1.1152540e-02  -8.0019539e-02  -3.6365905e-02  -4.1390320e-02  -4.2963428e-02   2.9008207e-02   2.8613020e-02  -9.6366952e-03   4.6931968e-02   7.8611295e-02   1.6995065e-02  -2.2542027e-02  -1.4685443e-02  -3.4287631e-03   4.0398482e-02  -5.2336853e-02   8.1977692e-02   2.3893145e-02   4.8616609e-02  -7.0060997e-03   2.0337987e-02   7.1124300e-03   3.5999224e-02   1.7762192e-02  -1.0725606e-03   7.4955130e-02   8.9271068e-03  -1.6494869e-02   7.1470342e-02   1.1190378e-01  -5.7726021e-03   1.0190176e-01   5.5459089e-02  -3.3163521e-02  -4.8221566e-02   4.9127320e-02   6.4948029e-02   2.5641526e-02  -4.6860988e-02   1.3992200e-02
  -1.1295017e-01   9.2707792e-02  -1.0290006e-01  -2.6027682e-02   6.8863102e-02  -9.8337527e-02  -1.6395057e-02  -7.5079180e-02   6.4439896e-02  -3.2436795e-02  -5.2011068e-02  -3.3992433e-03   1.7493679e-02  -6.9459516e-02   7.2554686e-02   8.5578148e-03  -9.5276301e-02   1.2628202e-01  -3.1213237e-02  -3.0009860e-02   0.0000000e+00  -5.1386930e-03   1.1614144e-01  -1.3638387e-02   6.9173749e-02   2.6585251e-02   1.1781967e-01  -2.6156488e-02  -3.4947796e-02   4.5209844e-02   2.7061090e-01   7.4219469e-02  -8.6228438e-02  -4.8775001e-02  -7.8408257e-02  -7.2334024e-03  -1.0111118e-01  -7.0834996e-02  -8.2138700e-02   6.6005892e-02  -2.0005718e-02   1.6566922e-02  -8.2391884e-02  -6.8451016e-03  -3.1085520e-02  -1.9847070e-02   1.4111349e-01  -2.6697163e-02   1.2981361e-01   1.0966174e-01   1.9133726e-01   8.2073200e-02  -3.5636583e-02   6.4449884e-02  -2.2568915e-02   1.0101878e-01   2.8419506e-02  -5.1423694e-02   1.2415639e-01  -1.0164329e-01  -2.6691610e-02   2.1893165e-02   1.0424970e-01   2.4640055e-01   3.8641426e-02  -5.9155631e-02  -8.9074051e-03  -7.4708988e-03   2.0958829e-02  -9.0922337e-02   1.8520354e-01  -5.8725247e-02   4.9564992e-02  -2.2544374e-02  -3.0064058e-02   6.2541720e-02  -4.3503754e-02  -1.0593839e-01  -4.2019174e-02   7.8338630e-02   4.7804573e-03  -6.9703308e-02   2.0424458e-02  -2.5933202e-02   7.0513491e-02  -6.9176328e-02   3.9828523e-02  -5.2896566e-02  -8.5072606e-02   1.2856220e-02  -2.4479285e-02  -1.1167493e-01   1.1804576e-01  -5.8352667e-02  -1.0015273e-01  -5.8182968e-02  -4.6540568e-02  -3.6639364e-03  -2.1225048e-02   7.5968655e-02
   8.4295348e-02   7.6619122e-02   1.6769390e-02   1.4349038e-01  -4.5710697e-02   2.6217289e-01  -2.7238882e-02  -1.1003858e-01  -3.4234608e-02  -6.6221361e-02  -1.5874715e-02  -5.4301799e-03   3.7910692e-02   8.9200324e-02  -9.8735194e-03   3.9377628e-03   5.3068150e-02   1.0862865e-01   1.6851016e-02   4.7693695e-02  -5.1386930e-03   0.0000000e+00   9.0294662e-03  -2.8375299e-02  -4.8634230e-02  -9.2367546e-02  -5.6033354e-02  -1.1154074e-02  -4.3562663e-02  -9.9471517e-02  -2.0397010e-02  -1.6461734e-02   6.4465198e-03   5.9022978e-02  -3.6224768e-02   8.1244434e-03  -9.9317841e-02  -6.9004426e-02   5.8054812e-02  -5.1396649e-02  -2.7107489e-02  -9.9588667e-03  -5.4638644e-02  -3.4968933e-02  -6.0442204e-03  -5.8771438e-02  -7.6024463e-03   2.2846086e-02   1.1425181e-02  -1.0045816e-01   1.4948886e-02  -3.7598608e-02  -7.3466606e-05   1.1445543e-02  -3.4323896e-02   6.1216002e-02   9.5114259e-02  -3.9519419e-02   1.2592970e-02   3.4059528e-02  -2.9959288e-02  -5.9745750e-02  -1.9767386e-02  -5.3377842e-02   2.1865255e-02  -1.3098756e-02  -4.1629837e-02  -4.0579033e-03  -3.4950292e-02   3.8581560e-02  -2.3925524e-02   4.3763182e-04  -3.7605492e-02  -4.3651234e-03   1.0104792e-02   3.6011701e-02  -3.2883576e-02  -8.2609273e-02   8.2905381e-02  -1.2033930e-02  -2.2469138e-02  -1.3477595e-02  -4.6905632e-02  -5.5482414e-02  -2.2833242e-02   6.2009182e-02  -3.2504196e-02   1.0562272e-03   7.5187757e-02  -5.7292612e-02   1.0852030e-02   2.4612655e-02   1.6468119e-02   1.0507950e-01  -4.2548504e-02   4.0505879e-02  -6.2411838e-02  -6.8442002e-03  -7.2998047e-02  -9.1264650e-02
  -6.0736025e-02  -3.7848737e-02   3.1516337e-02  -1.3916188e-02   3.8536011e-02  -5.0775409e-02  -5.5939616e-03   8.3010082e-03   1.8957512e-02  -2.2048500e-02   6.1962180e-02   3.0342861e-02  -3.6831686e-02   9.6103435e-03   1.3907567e-01  -4.1426610e-02   8.8045487e-05   6.2593237e-02   1.3510200e-02   4.6962423e-03   1.1614144e-01   9.0294662e-03   0.0000000e+00   3.9251496e-02  -1.7095476e-02   2.7525340e-02   6.0723275e-03   1.2800703e-02   4.9379146e-02   4.3997793e-03   6.8053727e-02   8.1096663e-02   4.7346706e-02  -4.5338816e-02   5.0802700e-02  -3.4846068e-02  -2.1784169e-02   8.6370564e-02  -5.8041121e-02   1.4675776e-02   4.4462902e-02  -6.5465479e-02   7.0159215e-02  -6.7306449e-02  -2.5700347e-02  -4.8409832e-03   5.0863584e-02   5.0475099e-02   1.2216609e-01   1.2490061e-02   9.0928417e-02   5.1416373e-03   3.0283750e-02  -6.2292893e-02   8.0539178e-04   1.3894779e-01   5.8952739e-02   5.6968949e-03   7.1669186e-03   6.9874301e-03  -1.5457874e-02  -5.1569471e-02  -2.3289114e-02   2.2038437e-01  -1.9033789e-02  -2.2308510e-02  -5.0481014e-02   2.1313261e-02  -2.8986507e-02   4.2160162e-03   3.8236461e-02   3.0731050e-03   7.6619659e-02   3.4424514e-02  -1.3146133e-01   1.7608488e-02  -3.7461602e-02  -5.9990006e-02   5.7906609e-03   9.5991268e-02   4.2937894e-02  -2.7429903e-02   8.2400557e-02   8.5289236e-03   5.3402899e-02  -3.7360285e-02   2.0460508e-02   1.1308082e-01  -4.0735577e-02   8.1729499e-02   2.5965499e-02   4.5650139e-02   3.7253882e-02   1.4219628e-03  -2.0721618e-02  -2.5921741e-02  -3.6932462e-02  -1.3980478e-02  -3.6565315e-02  -1.0227239e-02
  -2.9814202e-02   1.8633393e-02  -9.1174445e-03  -4.3469745e-02   5.5006521e-02  -4.4598643e-02   8.4703179e-02   1.0106812e-01   3.9620119e-03   1.9435375e-02  -3.8227150e-02   1.5201051e-02  -1.2450805e-02   7.5644333e-02   4.5265873e-02  -9.0159119e-02   1.9181461e-02  -1.5103790e-02   2.3132590e-02   4.9203007e-02  -1.3638387e-02  -2.8375299e-02   3.9251496e-02   0.0000000e+00   4.5608673e-02   3.9537025e-02   8.7733480e-02   1.1563203e-01   2.9054696e-02   7.0725117e-02   5.1076902e-02   6.4010751e-02   7.2116466e-02   2.3500603e-02   8.8442160e-02   6.2262019e-03  -8.0462525e-03  -9.8019756e-02   4.5046534e-03   3.3446536e-02   1.9542069e-02   4.5586310e-02  -8.5023917e-04  -1.5164318e-02   2.6806477e-02   2.2953216e-02   1.3934051e-02   3.8576170e-02   7.9778593e-02   1.1153948e-01  -1.4278061e-02  -6.5048979e-03   4.2527725e-02   3.7762118e-02   3.8816683e-02  -1.1040027e-02  -2.6499449e-02  -1.4366589e-02   7.8729155e-02   2.3542442e-02   5.9442971e-02  -6.6894386e-02  -1.7263416e-02  -8.2697991e-03   6.7587171e-02   2.0406986e-02   3.3579301e-02   7.4094021e-02   2.9428129e-02   5.1325528e-02   2.6951104e-02   3.8037218e-02   1.2617918e-01   5.9217618e-02  -7.4647949e-03   6.3754417e-02   5.2975309e-02   4.2835379e-02   3.0638988e-02  -6.3148252e-02   6.6952282e-02  -8.9816903e-03   1.9308796e-03  -1.9738223e-02   6.1839068e-02   2.6142770e-02   7.3986036e-02  -5.6364643e-02   7.3261270e-02   1.2174802e-01  -3.9306719e-02   1.1624586e-01   6.7139318e-02  -6.1012672e-03   4.6855670e-03  -4.2066311e-03   2.7059948e-02   7.0645369e-02   2.4983891e-02  -1.0326005e-02
  -5.5992746e-02  -2.1869354e-02  -6.4253290e-02  -6.2141906e-02   8.4272213e-02  -3.2465296e-02   4.3252875e-02   1.2292628e-02   2.9374390e-02   1.1440895e-01  -9.9109480e-03   2.4015362e-02  -3.3261724e-02  -4.6957599e-02  -9.7480890e-02   1.0490913e-02  -7.0943067e-03  -2.3275891e-02  -4.1131578e-02   1.0714863e-01   6.9173749e-02  -4.8634230e-02  -1.7095476e-02   4.5608673e-02   0.0000000e+00   5.2455556e-02   1.0782481e-01   1.7649311e-02   9.2820864e-02   6.6792676e-02   6.1684679e-02   1.6071844e-01  -6.4298766e-02  -3.9429077e-02  -1.7567388e-02  -1.2483236e-02   5.5690458e-03  -1.0338685e-01  -1.2403621e-01   2.1361249e-02   6.5746840e-02   6.1313057e-02  -1.0320563e-01   7.7201479e-02  -6.4211498e-04   1.1562536e-01   5.5359075e-02  -2.2736061e-02   3.6547939e-02  -3.3696033e-02   2.1931953e-02   1.1391816e-01  -9.9162587e-02   4.8195767e-02   4.3612725e-03  -5.2548358e-02  -5.1468297e-02  -1.2000259e-01   2.1605245e-02  -3.4979991e-02  -1.9500175e-02   6.5353926e-02  -3.2790571e-03   1.9656504e-02  -9.8525627e-03  -9.2356141e-03   1.2734469e-02  -3.9199987e-02   7.7418657e-02  -7.2100111e-02   8.2930803e-02  -5.7266468e-02   1.7837262e-02   4.5920520e-02  -1.4063226e-01  -6.3765541e-02   1.8290069e-02   3.3519621e-02  -3.2617477e-02  -2.4676636e-02   2.0867368e-02  -8.0482911e-02   1.0483533e-01  -1.2782318e-02   3.4654950e-02   1.7673909e-02   1.2370787e-01  -8.1899144e-02   5.8955668e-03   9.0819809e-02   1.0885786e-01   3.1251070e-02   9.5373313e-02  -4.5546338e-02  -3.6459566e-02   9.8428215e-03   1.2564365e-01  -4.4861821e-02  -5.9945379e-02   2.7568525e-01
   1.2502496e-02  -2.5975550e-02  -1.5877606e-02  -1.1982404e-01   3.6647127e-02  -1.0829603e-01   3.0442037e-02   6.7440202e-02  -6.5104899e-03   4.3568069e-02   1.9461464e-02   2.4420329e-02   5.6452177e-03  -5.0714690e-02  -2.0705209e-02  -5.8816961e-02  -6.7117235e-03  -2.2627259e-02  -2.2795499e-02  -2.2572405e-02   2.6585251e-02  -9.2367546e-02   2.7525340e-02   3.9537025e-02   5.2455556e-02   0.0000000e+00  -6.2430248e-03   2.6863957e-02   9.1465718e-02   1.1694570e-02  -1.4746646e-02   1.9384376e-02   2.0989992e-02  -7.5196480e-02   2.1408378e-02   5.0817700e-03   4.6183561e-02  -3.3133111e-02  -6.4898788e-02   4.1290219e-02   1.2146048e-02   6.1747638e-03   6.9117884e-03  -3.9388125e-02  -1.3892275e-02   1.0995607e-01   6.0820327e-03  -8.4217269e-02   6.5097948e-03   2.0848474e-02  -1.2189742e-02   1.0563660e-01  -4.7434924e-02  -3.0081408e-02   3.7248240e-02  -1.8980813e-02  -2.2099070e-02  -8.7524284e-02   7.7965044e-02  -7.3751331e-03   2.9965975e-02  -2.0185386e-04   2.1060575e-03   3.4338473e-02   5.7973772e-02   7.5157782e-02   6.1960001e-02   1.0939448e-02   1.6540097e-02  -1.5668934e-02   4.8957834e-02   2.5417761e-02   7.9336872e-02   8.2849238e-02  -1.6105643e-02   1.8353648e-02   3.4805453e-02   2.7685916e-02  -1.0210320e-01  -1.7711312e-02   5.5096005e-02  -2.0593782e-02   6.7370398e-02  -1.3726239e-02   3.7841775e-02  -5.5855971e-02   6.1275400e-02  -1.5916575e-02  -3.2106506e-02   6.4362527e-02   8.3928489e-02   7.8026889e-03   1.5238589e-01  -4.4394616e-02   2.8849270e-02  -7.4688731e-02   6.4195019e-02  -3.4426149e-03   1.6991750e-02   1.3018294e-01
   3.8174894e-02   2.3388121e-02  -2.2508738e-02  -1.0849551e-01   8.1201036e-02  -4.0851211e-02   2.0094206e-02   7.5876685e-02   8.5044219e-02  -6.5705778e-02   4.6832666e-02   4.9289540e-02   1.8012458e-02  -1.4180855e-02   5.4858293e-02  -7.9192014e-03   2.0714370e-02   1.7240259e-02   3.1605062e-02   5.9639907e-02   1.1781967e-01  -5.6033354e-02   6.0723275e-03   8.7733480e-02   1.0782481e-01  -6.2430248e-03   0.0000000e+00   6.0925461e-02   8.2857244e-02   9.1132978e-02   3.7260305e-02   2.1904112e-02   1.6824626e-02  -7.0990036e-02   8.6155569e-03  -4.6068484e-02   3.9877870e-02  -3.1445292e-02  -2.8894918e-02   3.4260190e-02  -3.1591004e-02  -6.3807853e-02  -3.4662535e-02  -9.9044127e-03   7.2790290e-02  -1.1970618e-02   1.8251244e-02   3.5842712e-02   2.3756710e-03  -1.5880823e-02   2.7864186e-02   3.4731924e-02   4.2850872e-03   4.1616664e-02   1.0348455e-02  -5.4264184e-02   1.1467197e-02   2.7196326e-02   3.0972789e-02   4.9829293e-02  -3.2386162e-02  -4.9553712e-02  -2.7875560e-02   3.6175690e-02  -1.1636224e-02  -1.0384540e-02   1.3392270e-02   5.3638521e-02   2.0876597e-02  -1.7139966e-04  -6.3357559e-02  -1.8456686e-02   4.9037468e-02   8.6574119e-02  -3.7132582e-02  -3.0150884e-02   3.5335385e-02   3.7948572e-02   2.9687577e-02   5.8250767e-02  -1.2560046e-02  -1.7956833e-03   6.1984678e-02  -3.8481507e-02   2.3261799e-02   3.7130098e-02   4.5199681e-02   4.5552846e-02   3.0944018e-02   4.0247819e-02   5.6499634e-02   8.3731636e-03   4.1803578e-02  -5.9235637e-02  -2.6714499e-02   1.1908397e-02   6.7753587e-03   4.8842083e-02   2.5543868e-02  -1.1093915e-02
  -2.2567650e-02   2.0174571e-03   5.8650525e-02  -3.0500941e-02   1.5475262e-02  -2.3049709e-02   1.0001954e-02   2.2935195e-03  -1.2396965e-02  -3.3352397e-02   2.3388424e-02   8.3274000e-02   1.3208877e-02   2.3518530e-02   1.6061611e-02  -4.1088761e-02   4.4991947e-03   4.7869443e-02   3.3534374e-03   4.8730686e-02  -2.6156488e-02  -1.1154074e-02   1.2800703e-02   1.1563203e-01   1.7649311e-02   2.6863957e-02   6.0925461e-02   0.0000000e+00  -5.7532698e-03   6.8425156e-02   1.0675759e-02   7.2061207e-02  -3.5566973e-02   2.8657879e-02   2.6558861e-02  -2.3423074e-02  -1.7622254e-02  -4.3753380e-02  -2.6907871e-02   3.9005792e-02   1.6660694e-02   6.5684373e-02  -5.5358987e-02   1.7776794e-03  -6.6187185e-03  -1.0386155e-02   7.1772065e-02   2.0462116e-02   4.8820180e-02   3.5441644e-02  -9.2164850e-03   1.9609054e-02  -2.1777040e-02  -1.0244133e-02  -2.4123376e-02  -2.9253950e-02   6.1593333e-02  -2.6361358e-03   9.3443422e-02  -1.8061880e-02  -2.5459440e-02  -5.7963095e-02   1.6868403e-02   5.8337147e-02  -6.4351082e-03  -3.2142249e-02   2.5146314e-02  -3.0027657e-02  -4.4159667e-03   4.6819712e-02   1.4268359e-01  -4.7833274e-02  -1.7015452e-02   4.1459353e-03   6.7728086e-02  -3.2171855e-02   5.5529298e-02   4.7486539e-02  -2.2302290e-02  -2.5980878e-02   1.8944746e-02  -4.9808132e-02  -1.3967476e-02  -9.9592936e-03  -1.4074541e-02   2.0193402e-02   2.6573053e-02  -2.3518552e-02   1.0632451e-02   7.7726836e-02   1.1429970e-02   6.1564993e-02   8.6984005e-03   3.8450440e-02   2.3385391e-02   5.1574736e-02   1.7934523e-02  -1.4709207e-02  -4.1087894e-02  -3.0236838e-02
   6.4942937e-02  -2.7582350e-04   5.8939333e-02  -1.1992159e-01   2.1481131e-06  -4.0625484e-02  -3.9902371e-02   5.1244861e-02   6.6036012e-02   1.5184823e-02   1.9985851e-02   4.6881927e-02  -2.4797342e-02  -1.6667219e-02   3.0950326e-02  -9.8650555e-03   4.6193143e-02  -2.4758724e-02   8.3729152e-03   3.5523810e-02  -3.4947796e-02  -4.3562663e-02   4.9379146e-02   2.9054696e-02   9.2820864e-02   9.1465718e-02   8.2857244e-02  -5.7532698e-03   0.0000000e+00   1.3861830e-01   2.1902321e-02   1.6367137e-02  -1.1542130e-02  -4.3964430e-02  -2.1127884e-02   1.4966882e-02   6.6436737e-02   5.6880943e-02  -2.0820214e-02   7.8979195e-03  -3.1273087e-02  -5.0174605e-02   9.8445790e-03  -1.4998115e-02   4.9225463e-02   1.9819009e-02   2.9719726e-02   6.8906392e-02   8.3097658e-03   1.6727498e-04   1.4738055e-02  -4.8638800e-02  -7.2116913e-02  -5.8865295e-02   2.1531848e-02  -2.6681244e-03  -3.1600930e-03  -5.7885562e-02   1.4776753e-02  -1.7679020e-02   4.4980298e-02  -1.0376655e-02  -4.1774487e-02   3.8713018e-02   3.9276493e-02  -3.2470278e-02   5.6464055e-02   8.9546595e-03  -4.3075358e-02   7.5282287e-02  -6.8460387e-02  -2.8056727e-02   3.3001856e-02  -1.6654371e-03  -2.1446927e-02   1.8305689e-02   3.4736390e-02  -3.3603209e-02  -6.9805983e-03  -7.0144830e-03   4.1436155e-02  -3.0222606e-02   6.2577371e-02  -3.8147994e-02  -3.0584109e-02  -2.1846941e-02   5.0441443e-02  -4.0148050e-02   5.9505988e-02   9.1575095e-02   3.8352261e-02   2.5424953e-02   4.2898266e-02  -5.0996514e-02  -3.5291113e-02  -4.9539243e-03   3.5827254e-02   1.3435277e-02  -4.4341745e-02   5.2982841e-02
   7.9932041e-03   3.0278352e-02   3.6577741e-02  -1.8045465e-02   2.3494888e-02  -3.6723735e-02  -5.8906271e-02   6.8428101e-03   1.0083792e-02  -1.4896873e-03   9.6834753e-02   8.0681047e-02  -2.9741272e-02  -2.0350462e-02   9.1858738e-02  -6.5898665e-02   1.3029683e-02  -3.9945917e-02   9.6351659e-03   8.4099966e-02   4.5209844e-02  -9.9471517e-02   4.3997793e-03   7.0725117e-02   6.6792676e-02   1.1694570e-02   9.1132978e-02   6.8425156e-02   1.3861830e-01   0.0000000e+00   6.7226856e-02  -1.2128061e-02  -5.5457133e-02  -9.7311363e-02  -4.0427564e-02   2.8824672e-03   5.6536666e-03  -2.4178100e-02   4.1619943e-03  -3.4507738e-02  -2.3236218e-02   9.7428620e-02   8.0793367e-02   3.7245944e-02   1.2128532e-01   3.0624846e-02   7.2459596e-02   6.4843479e-03   2.7250922e-02   5.1674172e-02  -6.9825477e-03  -3.0131015e-03   3.5517743e-02   3.1462416e-04  -4.0991508e-02  -8.1664740e-02  -2.2693512e-02   6.1832416e-03   6.9073744e-02  -1.4308800e-02   3.3700637e-02  -7.3450029e-02  -1.4111118e-01   5.2627345e-02   6.8701144e-02  -1.5290521e-02   4.2037113e-02  -5.1976405e-02  -1.6935730e-02   7.9219208e-02  -4.1497150e-02  -2.7530239e-03   3.4208686e-02   1.6218880e-02   1.6315958e-01   4.3794300e-02   6.1529354e-02   1.1013336e-01   9.0574475e-02  -1.2085350e-02  -2.3909066e-02   1.3639097e-02  -1.9235460e-02  -5.2171788e-02  -2.3099218e-02   3.7441720e-02   8.1993614e-02  -5.5196831e-02   8.0173532e-02   7.3223828e-02   1.3424667e-02   6.9936337e-02   2.0126639e-02   8.4334558e-02  -1.1885360e-02   6.5251794e-02   2.6656315e-02   5.6011990e-02  -2.0029396e-02   1.5489947e-02
  -1.4804238e-02   2.7270277e-02  -6.5660533e-02  -3.1448476e-03  -7.5291440e-03   2.9856649e-02  -2.0423707e-02  -9.8636169e-02   8.6808916e-02  -3.9169464e-02   1.3491954e-02   2.1104512e-02   1.4538654e-02  -4.5569021e-02  -1.2860358e-02  -6.1807170e-02  -1.6174676e-02  -9.2455501e-03   1.4929984e-02   3.7453570e-02   2.7061090e-01  -2.0397010e-02   6.8053727e-02   5.1076902e-02   6.1684679e-02  -1.4746646e-02   3.7260305e-02   1.0675759e-02   2.1902321e-02   6.7226856e-02   0.0000000e+00   9.9887259e-02   8.1005103e-03  -4.4919078e-02  -6.8349597e-02  -1.2149413e-01   1.9282376e-02  -1.0899891e-02  -2.7078185e-02   3.4588561e-02  -8.5054043e-03   8.2219146e-02   7.7803640e-02   5.8425532e-03   8.0977553e-03   7.7693289e-02   2.5260893e-02   4.7011610e-02   5.2177388e-02   3.6842307e-02  -1.3198959e-03   2.7103927e-02  -5.4852427e-02   1.8779665e-02   4.5506330e-02  -6.9721140e-02  -3.8095612e-02  -1.2213091e-01   1.5763824e-01   5.4238692e-02  -2.1106781e-02  -8.2154042e-02  -1.6311353e-01   3.9453486e-02   3.0738388e-02  -5.9169025e-02   1.3635899e-02  -3.0873866e-02  -7.0293013e-02   8.0319835e-02  -1.4857779e-02  -1.0983553e-01   2.0342798e-02   9.4587074e-02   3.0037296e-02   5.7654857e-03   2.8402916e-02   3.9364824e-02   1.1971895e-01  -8.7141776e-02   6.0083188e-02  -4.7338361e-02   5.1600800e-03  -9.1555784e-02   8.4630547e-02   1.0318430e-02   1.7741225e-01  -2.8788141e-04  -7.8931680e-03  -5.1772772e-02  -3.6685516e-02   2.7889804e-02   1.4546421e-01   6.3673461e-02   8.3724396e-02  -2.9475132e-02   3.6525451e-02  -7.1248819e-02   3.5563740e-02  -5.8958887e-02
  -1.2389531e-01   6.0448326e-03   3.0349412e-04  -1.3748734e-02   2.9029203e-02  -2.8076774e-02   5.6071810e-02  -4.4433440e-02   4.0438615e-02   1.1216034e-02  -3.8321101e-02  -1.7534583e-02  -5.6534927e-02   1.1621548e-03   2.8764591e-02  -8.2074149e-02  -5.4581857e-02   4.5702618e-02  -1.2681082e-02   3.8080775e-02   7.4219469e-02  -1.6461734e-02   8.1096663e-02   6.4010751e-02   1.6071844e-01   1.9384376e-02   2.1904112e-02   7.2061207e-02   1.6367137e-02  -1.2128061e-02   9.9887259e-02   0.0000000e+00  -7.7597128e-02  -4.2673898e-02  -3.0450707e-02  -6.5924550e-02  -2.5035821e-02  -4.9680720e-02  -8.4423066e-02   2.2539448e-02   3.0083530e-02   9.3646331e-02  -3.6757846e-02  -8.2477003e-02  -3.3809913e-02   4.4943160e-02   5.1423699e-02  -3.2585418e-02   6.2474081e-02  -1.9231820e-02   5.6917332e-02   7.7205088e-02  -4.5644895e-02   3.0765725e-02  -1.7884382e-02   4.0558383e-03   2.8500693e-02  -6.0778488e-02   7.4078533e-02  -1.1886754e-02  -5.6508401e-02  -7.2788160e-02  -2.6894864e-02   1.7469827e-01   1.9314861e-04  -4.4130145e-02  -1.8482871e-02  -6.7252087e-02  -5.5579266e-02  -1.7594937e-02   8.1344204e-02  -4.3850310e-02   7.4629338e-02   8.3014940e-02  -7.8126755e-02   5.4721262e-02  -1.6065205e-02  -4.0443341e-03  -5.4342485e-02   4.0928965e-02  -1.0723478e-02  -9.8127270e-02   1.0353848e-01  -7.4815035e-02   3.7973200e-04   5.4238706e-03   1.1771039e-01   7.6625035e-02  -2.6137226e-02   1.2792273e-02   8.3129978e-02   5.4795641e-02   1.0542039e-01  -2.3158404e-02  -5.5947777e-03   1.7448582e-02  -5.3070415e-03  -8.5021182e-02  -1.8962492e-02  -2.3726973e-02
   8.8621573e-03  -9.4152963e-02  -5.5075981e-02   1.6361907e-02  -4.7805297e-02  -2.2408301e-02   3.7165746e-02   4.8979551e-02   8.3768297e-02  -5.4294671e-02   2.3108178e-02  -2.6543467e-03   5.4546030e-02   1.0492863e-01  -2.0843208e-02   5.1919828e-02  -2.8891059e-02   1.9834156e-02  -6.2152245e-02  -7.9246538e-02  -8.6228438e-02   6.4465198e-03   4.7346706e-02   7.2116466e-02  -6.4298766e-02   2.0989992e-02   1.6824626e-02  -3.5566973e-02  -1.1542130e-02  -5.5457133e-02   8.1005103e-03  -7.7597128e-02   0.0000000e+00  -7.8697791e-02   3.0581795e-02   1.2148080e-03  -4.5499381e-03  -9.4997406e-02   8.5341778e-02   3.2208689e-02   4.7441030e-02  -1.3103186e-02  -3.3245714e-03  -6.5610634e-02  -5.5952705e-02   5.2437247e-02  -8.3976784e-02   1.2743413e-01   5.3708382e-02  -1.4950812e-02   2.1826065e-02  -5.5159320e-02   1.0447709e-01   1.9046968e-02   4.5847211e-02   4.1017807e-02  -6.6649546e-02   2.5990641e-02   7.3666249e-02   1.6159660e-01   4.0446018e-02   3.5576774e-03   3.9894926e-02  -2.3387278e-02  -1.2782358e-02   4.5734844e-02  -2.1930974e-02   4.8208791e-02  -5.1883828e-03  -2.9138719e-02  -3.2233400e-02   2.1047185e-02   1.1254335e-01   3.1392339e-02  -7.3096041e-02   1.8523286e-02  -1.4144712e-02   1.7720320e-02   3.4515925e-02   2.9532470e-03   3.7762647e-02  -2.0937344e-02  -1.2115362e-02   8.9125150e-02   1.1092327e-01  -2.5940727e-02   3.0649104e-02   9.3259634e-02   1.7924660e-02   9.3680833e-03  -7.8039990e-02   6.3754424e-03   2.7932224e-03  -3.2933662e-02   5.6637983e-02  -7.4474028e-02  -1.0624637e-02   1.3146370e-02   8.0571995e-02  -1.0185140e-01
   1.1053088e-01   2.0289938e-03   4.1688695e-02   3.8096028e-04   2.0607453e-02   1.4105350e-01  -4.6550691e-02  -1.0313259e-01  -1.2092915e-01   6.5689934e-05   4.7882003e-02   1.7210843e-02  -5.6708681e-02   4.5729752e-02  -6.5562196e-02   5.1653473e-02   1.3929704e-01  -3.3536112e-02   3.0824301e-02   9.2813343e-02  -4.8775001e-02   5.9022978e-02  -4.5338816e-02   2.3500603e-02  -3.9429077e-02  -7.5196480e-02  -7.0990036e-02   2.8657879e-02  -4.3964430e-02  -9.7311363e-02  -4.4919078e-02  -4.2673898e-02  -7.8697791e-02   0.0000000e+00   1.5558838e-01   2.0034829e-02  -4.6971522e-02   5.1538660e-02   7.8335989e-02   8.0095378e-03   3.4734079e-04  -1.7295552e-02  -3.8181438e-02   4.6447272e-02   1.6334599e-01   1.6325387e-02   2.0970147e-02   3.1315410e-04  -5.9197585e-02  -4.8037136e-02  -6.6771172e-02   3.8310900e-02  -1.9603186e-02  -2.4758708e-02  -2.1392979e-02  -1.0250030e-02   1.1597670e-01  -6.0149165e-02  -1.2432209e-01  -3.4787100e-02   4.9984416e-02   6.5796676e-02  -1.0085455e-01  -3.4799760e-02  -8.4805247e-02   6.6295348e-02   7.4472353e-02  -3.4246780e-02   7.5627479e-03   9.0143724e-02  -1.4139543e-02   1.2736968e-01  -8.8881283e-02   6.8028030e-02  -5.2430360e-03  -2.1927747e-02  -4.3818905e-02  -5.6332976e-02  -3.1393929e-02  -4.1751898e-02  -4.3052793e-02   1.1407740e-01  -4.7774256e-02  -7.1216836e-02  -8.1838158e-02   8.4958260e-02  -4.6279787e-02  -1.3167017e-01   5.6357746e-02  -7.5747270e-02  -1.2015831e-01   6.3865426e-02  -1.0860467e-01   9.0476085e-02   2.4989524e-01   4.9310447e-02   1.0869408e-01   3.8677959e-02  -3.5267061e-02   5.0276607e-02
   1.5178991e-02  -5.6640635e-02   3.2487573e-02   2.8395622e-02   8.6095691e-03  -2.1750834e-02   5.3684079e-02   9.1172669e-02  -3.5244645e-03  -1.7725953e-02  -4.3715621e-02  -2.5651939e-02   1.1739097e-02   5.9842204e-02  -2.8362132e-02   5.5243158e-02   6.4248321e-02  -3.3783119e-02   4.8372991e-02   4.5246195e-02  -7.8408257e-02  -3.6224768e-02   5.0802700e-02   8.8442160e-02  -1.7567388e-02   2.1408378e-02   8.6155569e-03   2.6558861e-02  -2.1127884e-02  -4.0427564e-02  -6.8349597e-02  -3.0450707e-02   3.0581795e-02   1.5558838e-01   0.0000000e+00   7.1680372e-02   2.0708404e-02  -4.0386111e-02   9.8572627e-02  -4.2461434e-03   7.0787768e-02  -3.0810189e-02  -6.8816131e-03   2.6762405e-02  -6.5677785e-03   2.4710895e-02  -3.3666540e-02  -9.4974411e-03   1.6846857e-02   3.1712856e-02  -5.5306347e-02  -2.2041200e-02   2.5232308e-02  -5.7083788e-02   7.1704188e-02   3.3514775e-02  -9.5931258e-03   2.4221325e-02   4.2094418e-02   3.2671425e-02   1.0333393e-01   4.1456660e-02   1.1809881e-02  -6.4145642e-02   7.0129444e-03   1.0602364e-01  -1.7823880e-02   4.2080781e-02   6.3867028e-02   3.4753643e-02  -6.9142256e-02   7.0280035e-02   1.3675509e-01   5.3762566e-02  -1.4463164e-02  -5.7766567e-02   4.6088488e-02  -3.0338100e-02  -7.3428018e-02   2.0532541e-02   1.1081225e-02   7.4407711e-02  -3.8412174e-02   3.1088997e-02   5.2515024e-02   1.6712179e-02  -2.4512836e-02   2.8053731e-02   2.8942560e-02   3.7672196e-02  -1.3465586e-02   5.7949292e-03   2.2605415e-02   1.7355496e-02   1.2920399e-01  -1.2316618e-02   2.9475258e-02   9.3097404e-02   1.0934921e-01  -6.9761045e-02
   4.8079608e-02  -5.2127779e-02   6.8942626e-02   3.2775849e-02   8.7686011e-03  -8.2378994e-03  -7.6383786e-02   2.5674483e-01  -5.0714303e-02   8.2408887e-02   1.7832648e-03  -2.0042418e-02  -4.2550571e-02   7.7189787e-02   6.3683491e-02   1.0427271e-01  -1.9405796e-02  -3.0917280e-02   1.0043543e-01  -3.7954220e-02  -7.2334024e-03   8.1244434e-03  -3.4846068e-02   6.2262019e-03  -1.2483236e-02   5.0817700e-03  -4.6068484e-02  -2.3423074e-02   1.4966882e-02   2.8824672e-03  -1.2149413e-01  -6.5924550e-02   1.2148080e-03   2.0034829e-02   7.1680372e-02   0.0000000e+00   2.8680567e-02  -2.4640730e-02   1.2159527e-01  -5.4643449e-02  -6.2699967e-03   1.6036336e-01   1.1524381e-01   8.2651272e-02   9.0724525e-02   5.7122539e-02  -8.5191199e-03  -1.5408906e-02  -3.6460128e-02   5.8403495e-02  -2.4789519e-02  -3.7052811e-02   5.0323011e-02  -1.7503334e-03  -2.5026183e-02   8.4222447e-02  -6.7885525e-03   1.2875447e-01  -1.7507434e-02  -2.4902371e-02   4.0368262e-02   1.5694227e-01  -5.8182670e-03  -4.8458384e-02   6.6842119e-03   6.7488600e-02  -1.0584006e-02   2.3489116e-02   7.6306339e-02   7.4724771e-02  -5.5350597e-02   1.6845619e-01   8.0011588e-02   3.7384724e-02  -6.5504537e-02   3.3973613e-02   9.6499492e-02  -7.5769883e-02   4.4637264e-03  -5.5027913e-02   8.4039931e-02   1.1100821e-01  -4.2273475e-02   9.5113802e-02  -2.3014136e-02   5.1449242e-02  -9.8776619e-03  -9.4859046e-02   1.0177209e-01   6.6337683e-02  -4.5918516e-03  -3.9165588e-02  -3.6571267e-02   1.1661660e-02  -3.6362617e-02  -2.6050644e-02   2.2055897e-02   1.3064462e-01   5.6470415e-02   6.1960426e-02
  -2.8449152e-04  -9.0809704e-02   1.1902170e-01  -9.1935801e-02   3.2806234e-02  -2.3642062e-03   9.0575930e-02   3.3085962e-02   1.5698029e-02  -5.0780961e-02   3.5978730e-02   5.9167244e-02  -3.3281978e-02  -2.0888518e-02   6.0763364e-02  -2.2108329e-02   2.8803817e-02  -7.4905076e-02  -4.3358319e-03  -3.4384437e-02  -1.0111118e-01  -9.9317841e-02  -2.1784169e-02  -8.0462525e-03   5.5690458e-03   4.6183561e-02   3.9877870e-02  -1.7622254e-02   6.6436737e-02   5.6536666e-03   1.9282376e-02  -2.5035821e-02  -4.5499381e-03  -4.6971522e-02   2.0708404e-02   2.8680567e-02   0.0000000e+00   2.2083957e-01  -2.5585853e-02  -4.1607525e-02  -1.0995952e-02   9.9098437e-03   1.1658631e-01  -1.7266521e-02   2.7672366e-02  -2.2380268e-03  -3.8401549e-02  -8.3574680e-03  -6.0127413e-02  -2.4020000e-02  -6.8531962e-02  -1.8088756e-02   7.4269338e-03  -7.5175611e-02  -8.9661930e-03   1.3438300e-02   1.4639378e-02   1.3823041e-02  -2.6245491e-02  -3.6142913e-02   1.0463700e-01   7.4002593e-02  -6.5584645e-02  -1.0567353e-02  -1.6689687e-02   7.6974205e-02   3.2492968e-02   1.2609595e-02   4.2434709e-03   2.2190332e-02  -3.2758007e-02   5.1671631e-02  -4.6495276e-02   4.8312851e-03   5.2923892e-02  -1.2664396e-02   4.0909355e-02   2.4665962e-02  -1.2365189e-02  -7.6648616e-03   1.5001506e-02   3.6936027e-02  -6.1335147e-03  -4.6321735e-02  -1.1723431e-02  -9.6831794e-03  -1.8420171e-02   8.2699433e-03  -2.6724122e-02  -1.7494354e-02  -3.3562737e-02   8.1706405e-03  -4.6664032e-02  -2.0927641e-02   6.9663888e-02  -1.2318858e-02   4.2594671e-02   1.2275920e-02   7.0178369e-03   8.1199026e-02
   4.7008841e-02  -9.8029485e-02   1.8344632e-01   4.8845848e-02   7.9927650e-02  -6.9804686e-03  -1.0562871e-01  -7.5445303e-02   2.1792421e-02  -3.2438612e-02   1.1151076e-01   6.2454559e-02  -8.2434504e-02  -7.2368321e-02   7.1100679e-03  -3.7414148e-02   2.5075526e-02  -9.3308452e-03  -5.7386498e-02  -3.7133877e-02  -7.0834996e-02  -6.9004426e-02   8.6370564e-02  -9.8019756e-02  -1.0338685e-01  -3.3133111e-02  -3.1445292e-02  -4.3753380e-02   5.6880943e-02  -2.4178100e-02  -1.0899891e-02  -4.9680720e-02  -9.4997406e-02   5.1538660e-02  -4.0386111e-02  -2.4640730e-02   2.2083957e-01   0.0000000e+00  -2.8996307e-02  -6.1309950e-02  -1.0284174e-02  -4.7283580e-02   5.8460641e-02  -6.9534718e-02   6.6566102e-02  -7.2496160e-02   5.9960293e-02  -5.6952600e-02  -6.3989890e-02  -5.6062753e-02  -6.8016589e-02  -4.8194593e-02  -7.6161669e-03  -9.9109000e-02  -2.3649934e-02   9.3322217e-03   1.0814562e-01  -5.6341547e-02  -8.1984266e-02  -4.1029756e-02  -3.7666383e-02  -4.8804807e-02  -9.4286113e-02   6.9752387e-02  -3.5681229e-02  -6.2553679e-02   1.1769485e-02  -6.9025743e-02  -5.1348382e-02  -5.7080082e-02  -5.3483766e-02  -1.0679432e-02  -8.1198125e-02  -6.1050369e-02   2.1515768e-01  -7.0384456e-02  -6.0906723e-02   9.6537479e-03   3.9547256e-02   1.0273545e-01  -5.6246884e-02   3.3818496e-02  -5.7895767e-02  -5.2151170e-02  -1.5135440e-02   1.9949808e-02   8.4539484e-02   1.0401858e-01  -3.2566037e-02  -1.2215798e-01   6.8557262e-02   9.2245855e-02  -1.1134704e-01   6.0364704e-02   1.2771192e-01   1.8706005e-02   4.1808135e-02  -1.0310347e-01   7.6571963e-02  -8.2742119e-02
   6.4026135e-02  -8.4756648e-03  -9.1711948e-03   6.5057114e-02  -5.1556765e-02   2.6959871e-02  -2.8704510e-02   7.5502793e-02  -1.6840076e-02   3.8657130e-02   3.3626778e-02  -5.9518683e-02  -4.7597952e-03   1.0526792e-01   6.0490289e-02   7.1155643e-02   1.1603746e-02  -1.7052506e-02   5.2049688e-02   1.5986787e-02  -8.2138700e-02   5.8054812e-02  -5.8041121e-02   4.5046534e-03  -1.2403621e-01  -6.4898788e-02  -2.8894918e-02  -2.6907871e-02  -2.0820214e-02   4.1619943e-03  -2.7078185e-02  -8.4423066e-02   8.5341778e-02   7.8335989e-02   9.8572627e-02   1.2159527e-01  -2.5585853e-02  -2.8996307e-02   0.0000000e+00   7.4156889e-03   7.2422706e-02  -1.7997699e-02   1.0491197e-02   3.3047017e-02   6.7121701e-02  -1.5259839e-02  -6.5736237e-02   6.3517354e-02  -2.2032448e-02   5.5771529e-02  -4.1723787e-02  -5.0561465e-02   1.1029614e-01   1.7544338e-02   4.0765205e-02   9.7880637e-05  -2.7685039e-02   8.7733498e-02  -5.0593436e-02   3.1082661e-02   5.5707846e-02   6.4719189e-03  -3.9200565e-02  -1.1394816e-01   9.6889800e-03   3.7543219e-02  -1.3348200e-02   1.5331496e-02   4.4686978e-03   8.3391809e-02  -7.9472774e-02   4.4588353e-02   7.8659854e-02   4.3600679e-02  -1.1402124e-03   5.6485689e-03   6.4892340e-02  -2.4016057e-02   3.4611858e-02  -2.7334933e-02   8.0085565e-03   6.3910592e-02  -4.3903243e-02   3.9414324e-02   8.7606937e-02   4.2775486e-02  -4.9721417e-02   3.0391266e-02   8.9495475e-02  -1.8442464e-02  -5.2365553e-02  -1.5316567e-02  -2.5826757e-02   3.9892606e-02   1.1287886e-02   2.5956082e-02   4.2222539e-02   3.9001427e-02   5.4688460e-02  -9.5756422e-02
   3.4036963e-02   6.9629048e-02  -1.5933243e-01  -5.9584549e-02   3.2107359e-03  -7.3556750e-02  -4.8259091e-03   2.2483486e-02   1.0946706e-01  -4.5053184e-02   9.3212613e-03  -3.3390670e-02  -4.9625588e-03   4.1442276e-02  -7.9978080e-02  -4.8147948e-02   5.3396129e-03   7.8242989e-02  -1.4071812e-02   2.0515984e-02   6.6005892e-02  -5.1396649e-02   1.4675776e-02   3.3446536e-02   2.1361249e-02   4.1290219e-02   3.4260190e-02   3.9005792e-02   7.8979195e-03  -3.4507738e-02   3.4588561e-02   2.2539448e-02   3.2208689e-02   8.0095378e-03  -4.2461434e-03  -5.4643449e-02  -4.1607525e-02  -6.1309950e-02   7.4156889e-03   0.0000000e+00  -9.6426058e-03  -3.8037149e-02  -1.0978994e-01   2.0296418e-02  -2.8799408e-02   3.9282069e-02   2.7072112e-02   5.7337784e-02   4.6667918e-02   7.4062130e-02   7.7376179e-03   2.5877904e-02   7.2816587e-03   8.2157423e-02   6.9839952e-02  -2.1987406e-02  -3.3621835e-02  -6.7000069e-02   5.7582190e-02   2.1925618e-02  -7.4343711e-02   2.6258241e-02  -2.0284986e-02   4.1033079e-02  -1.3255750e-03   3.4577134e-02  -3.8643650e-02   1.0451791e-02   9.6231341e-02  -1.5136627e-02   1.0433650e-01  -7.2414521e-02   6.9866056e-02   6.7233538e-02   4.1927444e-03  -1.3077163e-02   9.1573543e-03  -4.9877620e-02   2.1918419e-02  -3.8775276e-02   3.1971086e-02   1.4989054e-03   1.8187279e-02   9.4035602e-02   1.5850834e-01   2.1373779e-02   2.4991201e-02   2.0106410e-02  -8.3164853e-02   3.0004729e-02  -5.1030440e-02   1.7832360e-02   1.7434358e-02  -8.2408611e-02   6.0197706e-02   1.8234768e-02   7.8851972e-02  -1.4966794e-02   1.1295690e-01  -2.4621678e-02
  -8.8343859e-03   1.3372486e-02  -5.0805924e-02   4.8440665e-02  -6.1125735e-03   6.6218604e-03   5.4666932e-03   1.3152370e-01   4.7599913e-02   6.3212349e-02   3.7149123e-03   9.3151593e-03  -1.3791904e-02   9.4387362e-02   8.8187874e-03   5.7966382e-02   5.8590320e-02   2.1382656e-02   2.0628609e-02   3.0408643e-02  -2.0005718e-02  -2.7107489e-02   4.4462902e-02   1.9542069e-02   6.5746840e-02   1.2146048e-02  -3.1591004e-02   1.6660694e-02  -3.1273087e-02  -2.3236218e-02  -8.5054043e-03   3.0083530e-02   4.7441030e-02   3.4734079e-04   7.0787768e-02  -6.2699967e-03  -1.0995952e-02  -1.0284174e-02   7.2422706e-02  -9.6426058e-03   0.0000000e+00   1.1291539e-01  -7.2956943e-02   1.9689105e-02   1.1332346e-02   4.4707717e-02  -6.3812195e-02   2.3936131e-02   7.6009816e-02   6.6857368e-02   3.5253882e-02   2.9314635e-02   7.0095044e-02   3.8970611e-02   3.2211873e-02   3.3011627e-02  -3.5205237e-02   2.0601140e-02   2.5184877e-02   5.5860074e-02   2.9768316e-02   4.1716585e-02   2.5889409e-02   1.2404934e-02   3.5705908e-02   4.7472302e-02  -2.7111547e-02   5.2596845e-02   9.4594365e-02  -5.0803136e-03   1.3693796e-01   5.9283499e-02   9.2210697e-02   5.8097112e-03  -7.7759050e-02  -5.5140331e-03   2.7964282e-02  -2.2318502e-02  -5.5183716e-02   2.7133095e-02   2.0093434e-02   1.0137110e-02  -4.3131579e-02   6.0755805e-02   8.6934387e-02  -9.7859924e-03  -2.4577748e-02   8.0628104e-02   4.1357962e-02   6.3881785e-02  -6.3441393e-04  -2.6882307e-02   1.0411537e-01  -3.2009823e-02  -6.0866401e-03  -6.9463774e-02   5.6229658e-02   2.7904397e-02   6.0558891e-02  -4.8107407e-02
  -1.0098903e-01   2.4310975e-02  -9.6218323e-02  -7.2532472e-04   4.6373925e-02   2.3498071e-02  -3.6918588e-02  -3.1276012e-02  -2.3496676e-02   1.5302137e-01   7.1378222e-02  -1.9863355e-02  -1.1305623e-02  -8.6017760e-02   4.6868581e-02   2.2172373e-02  -3.7798362e-02   4.8900252e-03  -2.4120694e-02  -5.0382255e-03   1.6566922e-02  -9.9588667e-03  -6.5465479e-02   4.5586310e-02   6.1313057e-02   6.1747638e-03  -6.3807853e-02   6.5684373e-02  -5.0174605e-02   9.7428620e-02   8.2219146e-02   9.3646331e-02  -1.3103186e-02  -1.7295552e-02  -3.0810189e-02   1.6036336e-01   9.9098437e-03  -4.7283580e-02  -1.7997699e-02  -3.8037149e-02   1.1291539e-01   0.0000000e+00   4.4495882e-02   5.7041672e-02   1.5630051e-02   6.8567437e-02  -1.8133841e-02   7.4083296e-03  -1.6133486e-04   1.1610609e-01   4.2541462e-02   2.4180897e-02  -1.9646920e-02   9.3249078e-02   2.1237659e-03  -1.6093978e-02  -5.7794550e-02  -5.0169986e-02   7.5348067e-02  -3.4124021e-02  -1.7517679e-02   1.2269839e-01  -1.7505824e-02   5.7119756e-02  -1.9188215e-02   6.1873463e-03   1.1136058e-01  -7.7572011e-02   9.7905831e-02  -5.2161940e-03   1.2202601e-01   9.3948291e-02   7.0886945e-02   1.0618818e-01  -2.6134784e-02   1.3052007e-01   4.7155822e-02   8.0779038e-02  -3.4430889e-02  -5.0299282e-02   2.2458311e-02  -8.4487594e-02  -2.9890464e-02  -5.2430604e-02   4.8281363e-02  -1.2911766e-02  -3.4799227e-02  -6.3937476e-02   5.7578555e-02   6.8937783e-02  -4.3905935e-02   2.4057974e-03   8.3333305e-02   3.2904151e-02   2.2374894e-02   1.6209996e-02   5.0761192e-02   2.6614281e-02   2.7261155e-03   1.6973989e-01
  -8.4592130e-03  -2.4664852e-02   1.6619589e-01   8.0929804e-03  -1.8010976e-02   3.7265097e-02  -4.1164670e-02   4.3043701e-02  -8.2796372e-02  -1.0516509e-01   3.6271819e-02  -3.2391271e-02  -3.5791037e-02  -1.1398323e-02   1.1938488e-01  -6.9977171e-02   1.3983772e-02   7.3132454e-04  -7.6936796e-03  -9.0196603e-02  -8.2391884e-02  -5.4638644e-02   7.0159215e-02  -8.5023917e-04  -1.0320563e-01   6.9117884e-03  -3.4662535e-02  -5.5358987e-02   9.8445790e-03   8.0793367e-02   7.7803640e-02  -3.6757846e-02  -3.3245714e-03  -3.8181438e-02  -6.8816131e-03   1.1524381e-01   1.1658631e-01   5.8460641e-02   1.0491197e-02  -1.0978994e-01  -7.2956943e-02   4.4495882e-02   0.0000000e+00  -5.4800763e-02  -5.4813948e-03  -1.1802618e-02  -3.6645930e-02   5.3269807e-03  -4.2226711e-02   5.3526825e-02   2.3741610e-02   2.9508364e-02   1.2626042e-02  -8.2505616e-02  -3.0659695e-02   9.2294332e-02  -8.3207392e-02   8.6866179e-02   3.3243415e-02   2.7066397e-02   1.0105369e-01  -8.4633919e-02  -1.3112517e-01   6.7929373e-02  -2.0461904e-02   1.7906049e-02   6.4375772e-02  -1.3293551e-02  -7.5162712e-02   1.0043375e-01  -2.1590846e-01   4.6428794e-02  -8.5312170e-02   1.1573500e-02   1.6360962e-01   2.0071028e-01   2.8016151e-03   6.7279894e-02   1.0339297e-01  -4.9094296e-02   4.5435014e-02   4.6528872e-02   3.8354626e-02  -6.0221198e-02  -3.3001432e-02  -2.8468490e-02  -6.3483321e-02   6.7252156e-02   6.0244633e-02  -2.5892746e-02  -5.7305286e-02   1.1007316e-02  -1.6202663e-01   8.8582480e-02   1.1594991e-02  -8.1183737e-02  -2.4324215e-02   1.8410400e-02  -8.3346992e-03  -2.4537745e-02
   6.3662714e-02   1.5622106e-02  -3.3244884e-02   6.3083438e-02   4.1819821e-02   2.9330677e-02  -4.4060657e-02   1.4249217e-02  -6.1095404e-02   1.1790880e-01  -4.3732788e-02  -6.7315640e-02  -2.7706404e-02  -5.3959666e-03  -3.7266126e-03   8.9361396e-02   5.8178405e-03  -3.3696307e-02   3.0138583e-02   4.6379650e-02  -6.8451016e-03  -3.4968933e-02  -6.7306449e-02  -1.5164318e-02   7.7201479e-02  -3.9388125e-02  -9.9044127e-03   1.7776794e-03  -1.4998115e-02   3.7245944e-02   5.8425532e-03  -8.2477003e-02  -6.5610634e-02   4.6447272e-02   2.6762405e-02   8.2651272e-02  -1.7266521e-02  -6.9534718e-02   3.3047017e-02   2.0296418e-02   1.9689105e-02   5.7041672e-02  -5.4800763e-02   0.0000000e+00   4.1947255e-02   8.3519509e-02  -1.4697621e-02   3.6354182e-03  -5.5567139e-02   4.9865942e-02  -4.2480364e-02  -1.3727618e-02  -8.5362778e-03   7.9027146e-02   7.3515829e-02  -9.2103217e-04  -1.5111521e-03   8.4524282e-02  -4.4662204e-02  -1.6118694e-02   3.5229866e-02   1.2282306e-01  -1.0290066e-02  -3.3676802e-02  -2.3611457e-02   5.1888808e-02  -1.5824174e-02   7.8108651e-03   2.4878182e-02   2.2484418e-02  -1.8761188e-03   2.6301895e-02  -2.2409680e-02   4.3660644e-02  -3.2617453e-02  -3.4280421e-03   5.3706087e-02  -3.2248338e-02  -2.1791048e-02  -1.2025385e-02   4.6456843e-02   5.5167044e-02  -2.4334727e-02   3.3867694e-02   5.7245195e-02   2.8643351e-02  -6.5068337e-02  -5.0942993e-02   8.3975962e-02   4.5735731e-02  -1.6623811e-02   1.1220337e-02   5.4121721e-02  -4.7775235e-02  -7.4658504e-03   1.5680309e-02   5.5921305e-02   8.9379219e-02   5.5900784e-02   7.6367531e-02
   1.0307609e-01   1.6899004e-03   8.0565128e-02  -5.6812439e-02   3.4212621e-02   1.7094597e-02   1.5216579e-03  -3.8129512e-02   2.8328294e-02   3.6104818e-02   7.0902263e-02   8.8290197e-02  -3.3356178e-02   1.5589546e-01   5.3555179e-03   4.8747358e-02   1.3344753e-01  -1.9831810e-02   8.0344729e-02   7.5004038e-02  -3.1085520e-02  -6.0442204e-03  -2.5700347e-02   2.6806477e-02  -6.4211498e-04  -1.3892275e-02   7.2790290e-02  -6.6187185e-03   4.9225463e-02   1.2128532e-01   8.0977553e-03  -3.3809913e-02  -5.5952705e-02   1.6334599e-01  -6.5677785e-03   9.0724525e-02   2.7672366e-02   6.6566102e-02   6.7121701e-02  -2.8799408e-02   1.1332346e-02   1.5630051e-02  -5.4813948e-03   4.1947255e-02   0.0000000e+00   5.9536817e-02   4.6185191e-02   7.0787039e-02  -2.3847014e-02   3.7764496e-03  -3.5125000e-02  -5.6340693e-03  -2.1777780e-02   4.3477996e-02   3.8416226e-02  -4.2279729e-02   8.6176654e-02  -1.2799673e-02  -4.4953134e-02  -5.6773121e-03   5.1874332e-02   1.7985783e-02  -1.3225094e-01  -3.1286828e-02   4.5190285e-02   6.6539307e-02   2.0792097e-02   3.2271196e-02   1.9192156e-02   4.2295246e-02  -7.0059504e-02   8.9852198e-02  -2.1441640e-02   5.1698073e-02   4.1480089e-02  -4.5071574e-03   4.6808796e-02   1.5053059e-02   5.6236208e-02  -4.2334999e-03   9.9244635e-02   1.2991405e-01  -8.1395088e-02  -6.2355983e-02  -5.0785745e-02   1.2048160e-01   2.4293423e-02  -5.9049974e-02   1.1522560e-01  -1.1355332e-02   3.7475392e-02   4.5231190e-02  -2.7716767e-02  -2.5263653e-02   3.4993581e-02  -3.4685717e-03   9.1763695e-02   1.6179827e-01  -1.7872956e-02  -1.5116674e-02
   6.6806057e-02  -5.7832487e-03  -4.2751241e-02  -1.5927816e-02   3.7951531e-02   4.7535154e-03   4.3055187e-02   8.7506129e-02  -1.8850879e-02   4.1435247e-02   5.7596054e-02   1.6847447e-02  -3.6066938e-03   4.3673876e-02  -7.9267041e-03   4.3118856e-02   1.5804691e-02  -1.0143572e-02  -1.7531902e-02   1.0808194e-01  -1.9847070e-02  -5.8771438e-02  -4.8409832e-03   2.2953216e-02   1.1562536e-01   1.0995607e-01  -1.1970618e-02  -1.0386155e-02   1.9819009e-02   3.0624846e-02   7.7693289e-02   4.4943160e-02   5.2437247e-02   1.6325387e-02   2.4710895e-02   5.7122539e-02  -2.2380268e-03  -7.2496160e-02  -1.5259839e-02   3.9282069e-02   4.4707717e-02   6.8567437e-02  -1.1802618e-02   8.3519509e-02   5.9536817e-02   0.0000000e+00  -3.5695124e-02  -1.1544711e-02   5.3595744e-02   8.1297466e-02   1.3263789e-03   1.6283961e-01   2.9569536e-02  -6.9272420e-03   4.3225925e-02  -2.0009564e-02  -2.8256252e-02   3.0537815e-03   4.7026246e-02  -7.1764812e-03   7.0556821e-02   2.4538362e-02  -7.9032929e-02   3.0951491e-02  -6.9645749e-03   1.0893402e-01   4.2396524e-02   6.3580307e-03   9.4204853e-02   7.0755308e-02  -1.2777027e-02   7.7306440e-02   3.7644815e-02   1.3950498e-01  -5.7866999e-02  -1.8297363e-02   6.5524524e-02   4.4405622e-02  -1.1755462e-02  -4.2141476e-02   4.1397994e-02   7.6460790e-02   2.5069772e-03  -4.3979248e-02   8.9731891e-02   2.3326679e-02   2.4758136e-02   9.0695434e-03   1.4615297e-02   6.3903327e-02  -2.2424660e-02   9.1338710e-02   3.5052923e-02  -2.2550053e-02   1.0363579e-02   3.1138764e-02   5.1466699e-02   5.9479286e-02  -2.3340110e-02   5.1549354e-02
  -2.4038120e-02   3.8638325e-02   5.5528510e-02  -1.7441068e-01   1.1964159e-02  -2.7257183e-02   6.9137893e-03  -3.6959210e-02  -2.4410219e-02  -1.2304477e-02  -8.1038961e-03   3.1163673e-02  -7.5249133e-02  -1.7382856e-02  -2.8323749e-03  -1.0337893e-02  -3.7944460e-02   3.6577741e-02   1.1653355e-02   1.3914512e-02   1.4111349e-01  -7.6024463e-03   5.0863584e-02   1.3934051e-02   5.5359075e-02   6.0820327e-03   1.8251244e-02   7.1772065e-02   2.9719726e-02   7.2459596e-02   2.5260893e-02   5.1423699e-02  -8.3976784e-02   2.0970147e-02  -3.3666540e-02  -8.5191199e-03  -3.8401549e-02   5.9960293e-02  -6.5736237e-02   2.7072112e-02  -6.3812195e-02  -1.8133841e-02  -3.6645930e-02  -1.4697621e-02   4.6185191e-02  -3.5695124e-02   0.0000000e+00  -1.8533967e-02   5.2201845e-02  -1.9781474e-02   2.1123543e-02   3.2223414e-02  -1.3655690e-02   1.1687428e-02  -1.3161119e-02  -6.9632637e-02   7.6523094e-02  -7.0924174e-02   2.3346774e-02  -7.5244255e-02  -3.2134848e-02  -3.7338011e-02  -4.6794629e-02   7.2339141e-02   2.6851585e-02  -4.1948788e-02  -2.8972200e-02  -5.4050352e-02  -1.0611531e-02  -1.5607146e-02   2.2297748e-02  -6.8010704e-02  -5.3348282e-02  -9.5730813e-03  -9.7899163e-04   2.3161725e-03  -1.9528765e-02  -6.0968060e-03  -1.0565921e-02  -2.8055035e-02  -3.0055906e-03  -4.1676615e-03   7.2012942e-02  -5.4951020e-02  -3.7354721e-04   1.0024746e-02   1.3859750e-02  -3.6347409e-02  -5.4608277e-02   4.6626838e-02   1.0543774e-01   8.7718266e-02   6.8784960e-02   1.9628824e-02  -3.8845692e-02  -1.1998080e-02  -3.0299111e-02   4.2925650e-04  -3.9956918e-02   9.1063128e-02
   4.3389355e-03  -5.5470142e-02   2.2256628e-02   1.0761255e-01  -3.4582266e-02  -3.7906432e-02   1.2025373e-02   9.7275255e-03   1.6619795e-02  -2.0520707e-02  -3.1340825e-02   2.9649465e-02  -1.0290822e-02   1.0745576e-01  -4.3349617e-02   2.5712369e-02   4.6819936e-02   2.0990376e-02   5.4356195e-02   2.1384976e-02  -2.6697163e-02   2.2846086e-02   5.0475099e-02   3.8576170e-02  -2.2736061e-02  -8.4217269e-02   3.5842712e-02   2.0462116e-02   6.8906392e-02   6.4843479e-03   4.7011610e-02  -3.2585418e-02   1.2743413e-01   3.1315410e-04  -9.4974411e-03  -1.5408906e-02  -8.3574680e-03  -5.6952600e-02   6.3517354e-02   5.7337784e-02   2.3936131e-02   7.4083296e-03   5.3269807e-03   3.6354182e-03   7.0787039e-02  -1.1544711e-02  -1.8533967e-02   0.0000000e+00   2.8481268e-02   6.6690220e-02  -3.3164240e-02  -4.7360319e-02   9.2422764e-02   7.6912347e-03   1.1004292e-02   3.4008035e-02  -2.0537799e-02   6.6251088e-02  -6.8880964e-03   1.2550048e-01   8.1220898e-02  -3.2874278e-03  -4.1056215e-02  -9.6330636e-03   4.2004798e-02  -1.1779540e-02   7.8744959e-03   9.0826199e-02   1.4415351e-02   2.3433477e-02   5.6870854e-03   6.3858550e-02   2.5482693e-02   3.5918184e-02   1.5383961e-03   3.5609188e-02   1.3274049e-01  -4.0834333e-02   3.1436338e-02  -3.3866908e-02   7.7549815e-03   1.8797405e-02   1.7409741e-02   5.8844466e-03   2.4349813e-02   2.3873999e-02   6.3811513e-03   6.3437194e-02   5.2391930e-02   5.3951614e-03  -3.4051117e-02   1.0722638e-02   4.2001670e-04  -3.6187115e-02  -5.9146003e-02  -1.0029052e-01  -1.2991686e-02   2.0613124e-02   2.7282207e-02  -1.9904447e-02
   3.6358844e-03  -4.8491322e-02  -4.0173128e-02  -4.1418805e-02  -3.8636749e-02  -9.8199015e-02   6.3965557e-02   5.6883349e-02   6.7064612e-02  -1.7432341e-02  -1.1061867e-02   3.4056378e-03   2.7703513e-02   4.8544935e-02  -1.0747771e-02   1.5998809e-02   1.7389146e-02   1.3971071e-01   1.3943236e-02  -1.5090170e-02   1.2981361e-01   1.1425181e-02   1.2216609e-01   7.9778593e-02   3.6547939e-02   6.5097948e-03   2.3756710e-03   4.8820180e-02   8.3097658e-03   2.7250922e-02   5.2177388e-02   6.2474081e-02   5.3708382e-02  -5.9197585e-02   1.6846857e-02  -3.6460128e-02  -6.0127413e-02  -6.3989890e-02  -2.2032448e-02   4.6667918e-02   7.6009816e-02  -1.6133486e-04  -4.2226711e-02  -5.5567139e-02  -2.3847014e-02   5.3595744e-02   5.2201845e-02   2.8481268e-02   0.0000000e+00   1.1301698e-01   1.3217365e-02   1.9837538e-02   8.3506970e-02   1.3772860e-02   5.3681894e-02   4.0987080e-02   3.5400908e-03  -1.6725758e-02   1.3229026e-01   1.5901194e-02   4.2124148e-02  -4.9444745e-02  -3.1464717e-02   7.6326064e-02   5.3380164e-02  -3.1466914e-02  -2.3761949e-02   3.2722276e-02   1.8931062e-02   1.5139705e-02   6.2871195e-02   8.4072714e-03   7.8678089e-02   4.1872637e-02  -1.2111687e-01   1.3972280e-02  -4.0407076e-03   4.6491219e-02  -4.8422941e-02   1.0559477e-02   4.9766744e-02  -6.1545818e-02   6.6943522e-02   4.2032985e-02   1.1832778e-01  -4.3969933e-02   5.8852928e-02   1.1267745e-01  -2.3095152e-02   8.8567445e-02   3.6445522e-02   1.0504094e-02   7.0819371e-02  -1.4918609e-02   2.5438757e-02  -5.4416994e-02  -4.0689336e-02  -2.0245483e-02   2.7401399e-02  -4.7050943e-02
   1.9793393e-02   3.4054535e-02  -3.8501358e-02  -1.1734747e-02  -3.8696615e-02  -3.5785243e-02  -1.6862515e-03   2.5338582e-02  -6.1503227e-03   3.2265815e-02  -3.2468286e-02   5.1950576e-02  -1.1885977e-02   8.6123039e-03   1.0956901e-03   4.7911698e-02  -1.4464827e-02   1.4433274e-02   1.0361116e-02   2.7991842e-02   1.0966174e-01  -1.0045816e-01   1.2490061e-02   1.1153948e-01  -3.3696033e-02   2.0848474e-02  -1.5880823e-02   3.5441644e-02   1.6727498e-04   5.1674172e-02   3.6842307e-02  -1.9231820e-02  -1.4950812e-02  -4.8037136e-02   3.1712856e-02   5.8403495e-02  -2.4020000e-02  -5.6062753e-02   5.5771529e-02   7.4062130e-02   6.6857368e-02   1.1610609e-01   5.3526825e-02   4.9865942e-02   3.7764496e-03   8.1297466e-02  -1.9781474e-02   6.6690220e-02   1.1301698e-01   0.0000000e+00  -1.0716630e-02   3.5164778e-03   4.5983544e-02   2.7724900e-02   4.8840737e-02   3.0861999e-02  -5.1665666e-02  -2.3730797e-02   1.5697265e-01  -3.9573523e-03   2.2339166e-02  -2.6555464e-02   3.0260917e-02   2.0615898e-02   7.5937432e-03   5.0278465e-02   4.1250224e-02   1.2357145e-01   2.3333006e-02  -3.8689258e-03   1.1669428e-01   2.6979640e-02   1.1006731e-01  -1.7123152e-02   6.2722842e-02   1.0160350e-01   4.5046418e-02  -9.7508338e-03   8.8124657e-03  -8.8537193e-04   9.1512280e-02   3.7984940e-02   7.1580771e-03   1.8367007e-02   1.4037140e-01  -3.3200177e-02  -2.3871854e-02   4.9585330e-03   1.7798246e-03   1.0455226e-01  -4.2541041e-02  -9.1949009e-03  -1.3604756e-02  -7.3986247e-02  -3.3218638e-02  -6.6396573e-02  -4.1441692e-02  -2.2219456e-02   5.7585540e-02   2.9798420e-02
  -6.5394184e-02   4.4885158e-02   3.7925919e-02  -2.4244015e-02  -5.1458093e-02  -2.8500906e-02   4.0002491e-02   1.6094746e-02  -1.1549963e-02   1.6977189e-02  -2.1303824e-02  -1.2302810e-02   1.2614564e-02   2.5211780e-02   1.8737016e-01  -4.9573452e-02  -5.0387353e-02   1.1279261e-01  -5.7926393e-03  -1.7694071e-02   1.9133726e-01   1.4948886e-02   9.0928417e-02  -1.4278061e-02   2.1931953e-02  -1.2189742e-02   2.7864186e-02  -9.2164850e-03   1.4738055e-02  -6.9825477e-03  -1.3198959e-03   5.6917332e-02   2.1826065e-02  -6.6771172e-02  -5.5306347e-02  -2.4789519e-02  -6.8531962e-02  -6.8016589e-02  -4.1723787e-02   7.7376179e-03   3.5253882e-02   4.2541462e-02   2.3741610e-02  -4.2480364e-02  -3.5125000e-02   1.3263789e-03   2.1123543e-02  -3.3164240e-02   1.3217365e-02  -1.0716630e-02   0.0000000e+00   2.4875426e-02   2.9432479e-02   1.0080343e-01  -1.7042378e-02   5.8062681e-02  -2.0050554e-03   8.5433299e-03   8.3445138e-02   2.1962579e-02  -6.5875560e-02  -6.0140984e-02   1.2955827e-02   1.5019845e-01   6.4998757e-02  -3.6449624e-03   4.8663851e-02   4.7114932e-02   1.5141075e-02   3.0992963e-02  -3.3284341e-02  -3.0954508e-02   4.0461638e-02   3.7107344e-02  -1.4993161e-02   1.3364628e-01  -4.6585002e-03  -4.4719464e-02   2.7909779e-02   1.9570686e-02   4.6715848e-02  -2.1066247e-02   1.2418623e-01  -2.9312817e-03   8.9414096e-02  -4.8674952e-02  -1.5916928e-03   8.9571615e-02  -2.1628292e-02  -6.1920655e-02   1.0444181e-01  -4.9933884e-02   1.2417930e-01  -3.3736796e-02  -3.9000856e-02  -2.3741440e-02  -7.0564307e-02  -2.0658330e-02  -1.0261174e-01  -2.9457370e-02
  -3.9243504e-03   3.1196666e-02  -3.3886304e-02  -6.3792645e-02   1.3640866e-01  -3.2043811e-02   5.3075457e-03   8.6045351e-02   3.9321931e-02   5.8937283e-02  -5.1146206e-03   1.1172381e-02   4.8118313e-03  -5.3342432e-02  -3.2987892e-02  -3.0852069e-02  -3.9303578e-03  -3.6425011e-02  -5.7443061e-02   6.4225742e-03   8.2073200e-02  -3.7598608e-02   5.1416373e-03  -6.5048979e-03   1.1391816e-01   1.0563660e-01   3.4731924e-02   1.9609054e-02  -4.8638800e-02  -3.0131015e-03   2.7103927e-02   7.7205088e-02  -5.5159320e-02   3.8310900e-02  -2.2041200e-02  -3.7052811e-02  -1.8088756e-02  -4.8194593e-02  -5.0561465e-02   2.5877904e-02   2.9314635e-02   2.4180897e-02   2.9508364e-02  -1.3727618e-02  -5.6340693e-03   1.6283961e-01   3.2223414e-02  -4.7360319e-02   1.9837538e-02   3.5164778e-03   2.4875426e-02   0.0000000e+00  -4.0768772e-02   8.8268174e-02   4.1473180e-02  -4.6676137e-02  -1.2828733e-02  -3.8501214e-02   5.0568477e-02  -2.8215141e-02   4.7743248e-02   7.8456478e-02   1.8096066e-02   3.7720860e-02  -3.0662634e-02   9.7242509e-04   1.1935765e-01  -5.3316391e-02   6.5073480e-02   7.6694155e-04   3.4253380e-02   4.0358694e-02  -4.6059780e-02   1.0987215e-01  -2.2309231e-02  -7.2744974e-02   2.2995040e-02   5.2655723e-02  -2.2787011e-02  -3.9061116e-02   2.0458640e-02  -1.9402388e-02   2.8162750e-02  -2.8132547e-02   4.2183838e-02  -1.1988865e-02  -2.7371741e-02  -7.2044262e-02  -5.9841957e-02  -1.2727243e-02  -4.9153867e-04   2.6090198e-02   3.0017763e-02  -7.8373504e-02   4.9170448e-02   3.2750665e-02   9.9513219e-02  -1.3833405e-02  -7.0175656e-03   1.6084870e-01
   1.3208094e-02  -6.8075402e-02   5.8468347e-02   8.8594656e-02  -7.0262278e-02  -1.1385607e-02   4.9286495e-02   1.0297298e-01   2.3800097e-03  -1.4049615e-02  -3.8883540e-02   7.7161624e-03  -4.1336175e-02   8.5517707e-02   6.0411946e-02   2.3370584e-02   1.0498520e-01   6.2365504e-02   9.1054630e-02   9.4849920e-03  -3.5636583e-02  -7.3466606e-05   3.0283750e-02   4.2527725e-02  -9.9162587e-02  -4.7434924e-02   4.2850872e-03  -2.1777040e-02  -7.2116913e-02   3.5517743e-02  -5.4852427e-02  -4.5644895e-02   1.0447709e-01  -1.9603186e-02   2.5232308e-02   5.0323011e-02   7.4269338e-03  -7.6161669e-03   1.1029614e-01   7.2816587e-03   7.0095044e-02  -1.9646920e-02   1.2626042e-02  -8.5362778e-03  -2.1777780e-02   2.9569536e-02  -1.3655690e-02   9.2422764e-02   8.3506970e-02   4.5983544e-02   2.9432479e-02  -4.0768772e-02   0.0000000e+00  -5.4490711e-02   7.5975728e-02   1.0875763e-01  -2.8840397e-02   9.5552615e-02   3.8301712e-02   7.7777580e-02   3.0332312e-02  -3.3311058e-02  -5.1757981e-02   6.2493688e-03   3.5782959e-02   1.0902020e-02  -4.7443878e-03   1.3788103e-01   1.4798398e-02   5.2418706e-02   9.7825127e-03   9.2086086e-02   4.2075089e-02   4.5953498e-02  -2.5212853e-02  -1.9366198e-02   5.8729739e-02   4.5372539e-03   1.7913100e-02  -9.3408428e-03   4.8228467e-02   4.8519984e-02  -5.8362656e-02   5.6591460e-02   1.1563805e-01  -3.4785839e-03  -2.5988568e-02   7.8444407e-02   8.7002444e-02  -1.4999867e-02  -1.2745266e-02   3.9309182e-03   6.3469460e-02  -1.7292584e-02  -4.3957218e-02  -7.7564245e-02  -1.7614086e-02  -3.8597569e-02   4.0347576e-02  -4.4008274e-02
   1.3624080e-02   7.3967776e-02  -9.8084375e-02   3.8277236e-02  -4.7382856e-03   1.4690029e-02  -2.6096298e-02  -3.4718326e-02   1.0790255e-02  -4.0085571e-02  -7.2890846e-03  -3.3978004e-02   6.0733256e-02   1.2302525e-02   1.9495848e-02  -9.3459431e-04  -1.9640905e-02   9.8017183e-03  -6.2448001e-02  -5.5626685e-03   6.4449884e-02   1.1445543e-02  -6.2292893e-02   3.7762118e-02   4.8195767e-02  -3.0081408e-02   4.1616664e-02  -1.0244133e-02  -5.8865295e-02   3.1462416e-04   1.8779665e-02   3.0765725e-02   1.9046968e-02  -2.4758708e-02  -5.7083788e-02  -1.7503334e-03  -7.5175611e-02  -9.9109000e-02   1.7544338e-02   8.2157423e-02   3.8970611e-02   9.3249078e-02  -8.2505616e-02   7.9027146e-02   4.3477996e-02  -6.9272420e-03   1.1687428e-02   7.6912347e-03   1.3772860e-02   2.7724900e-02   1.0080343e-01   8.8268174e-02  -5.4490711e-02   0.0000000e+00  -1.5610155e-03  -3.5617325e-02  -3.7208553e-02  -1.6866339e-02   7.3214242e-03  -9.1436970e-03  -3.0148760e-05   1.4725554e-02   7.4400784e-02  -8.5944738e-03   2.9348929e-03  -6.1874480e-02  -2.3499152e-02  -2.7759487e-02   7.9346130e-04  -2.2214330e-02   8.6494997e-02  -8.4051674e-02   1.1426501e-01   4.2634513e-02  -1.4970358e-02   3.7501560e-02  -8.5682780e-03  -1.4465397e-02  -1.7373062e-02  -5.1153542e-02  -1.4074927e-02  -7.2603004e-02   1.6877521e-02   6.1962913e-02   5.5604201e-02   1.6134144e-02   3.3905564e-02  -5.0692623e-02   1.8386046e-02  -1.6695644e-02  -1.4016357e-02  -1.4887116e-02   1.0303968e-01  -2.1706028e-02  -9.6160052e-03  -3.3576205e-02   5.0700910e-02   2.6419078e-02  -1.1131227e-02  -3.3047100e-02
   3.6521958e-02  -2.0547578e-02  -2.1382417e-02  -4.9195867e-02   1.3189658e-02  -4.6939812e-02   6.2508796e-02   3.5875635e-02   2.6261275e-02   6.9483121e-03  -2.1317683e-02  -7.9160929e-03  -4.9819633e-03  -2.1008874e-02  -3.3169132e-02   9.3764013e-02  -2.0110301e-02   7.8029444e-03   2.0929755e-02  -5.0610564e-02  -2.2568915e-02  -3.4323896e-02   8.0539178e-04   3.8816683e-02   4.3612725e-03   3.7248240e-02   1.0348455e-02  -2.4123376e-02   2.1531848e-02  -4.0991508e-02   4.5506330e-02  -1.7884382e-02   4.5847211e-02  -2.1392979e-02   7.1704188e-02  -2.5026183e-02  -8.9661930e-03  -2.3649934e-02   4.0765205e-02   6.9839952e-02   3.2211873e-02   2.1237659e-03  -3.0659695e-02   7.3515829e-02   3.8416226e-02   4.3225925e-02  -1.3161119e-02   1.1004292e-02   5.3681894e-02   4.8840737e-02  -1.7042378e-02   4.1473180e-02   7.5975728e-02  -1.5610155e-03   0.0000000e+00   3.2784786e-02  -3.1019133e-02   1.3450415e-02   2.5769739e-03   2.9024134e-02   3.0300333e-02   2.1277673e-03   9.7999141e-04  -5.8890523e-02   2.0051421e-02  -3.0210137e-02  -1.2511819e-02   1.3393051e-01   9.5949625e-02  -4.4688651e-02   7.0147129e-02  -1.1456646e-02   1.9799078e-01   8.5862438e-02  -8.8940328e-02  -2.5240848e-02  -2.9098429e-02   6.0087844e-02  -2.1842740e-02   1.6611608e-02   3.4344728e-02   2.8769303e-02  -1.7780981e-02   1.1584293e-01   1.1032916e-01  -2.0697431e-02  -4.2951026e-02   2.3253776e-02  -4.0942351e-03   5.5555430e-02   1.9273861e-02   2.4634910e-03   1.0062883e-01  -6.7225448e-02   1.7020635e-02  -8.0034484e-02   5.3504831e-02   7.7551508e-02   1.1497522e-01  -4.1304275e-02
  -8.5282350e-02  -7.6420286e-03   1.9023115e-02   1.1690511e-01  -5.9477558e-02  -1.0540441e-02  -5.6134156e-03   4.2312957e-02  -7.8624052e-02  -2.2261664e-02  -4.3165152e-02  -2.4748519e-03   4.9293409e-02   7.6863945e-02   2.2495354e-01   6.5962600e-03   1.7788648e-02   9.9968161e-02   1.4706174e-01  -5.2053361e-02   1.0101878e-01   6.1216002e-02   1.3894779e-01  -1.1040027e-02  -5.2548358e-02  -1.8980813e-02  -5.4264184e-02  -2.9253950e-02  -2.6681244e-03  -8.1664740e-02  -6.9721140e-02   4.0558383e-03   4.1017807e-02  -1.0250030e-02   3.3514775e-02   8.4222447e-02   1.3438300e-02   9.3322217e-03   9.7880637e-05  -2.1987406e-02   3.3011627e-02  -1.6093978e-02   9.2294332e-02  -9.2103217e-04  -4.2279729e-02  -2.0009564e-02  -6.9632637e-02   3.4008035e-02   4.0987080e-02   3.0861999e-02   5.8062681e-02  -4.6676137e-02   1.0875763e-01  -3.5617325e-02   3.2784786e-02   0.0000000e+00   3.6066743e-02   2.7432807e-01   8.3756970e-02   7.4138956e-02  -2.1283851e-02  -5.8066123e-02   4.8376559e-02   2.6688144e-02   9.9891467e-02   4.9693533e-02  -5.7680015e-02   7.9467064e-02  -2.0325876e-02  -5.9561033e-02   2.9879102e-03   6.3238248e-02   1.0051496e-01  -1.1775894e-02  -1.5831709e-01   1.8459877e-01  -8.5782830e-05  -6.7028334e-02  -2.1950472e-02  -3.3861348e-02   4.6639157e-02   4.4378449e-02   5.0829010e-03   8.2420067e-02   5.8943278e-02   2.1495187e-02  -6.0363931e-02   5.1960198e-02  -2.2328776e-02   1.5966599e-02  -5.2021311e-02  -2.8019050e-02  -3.4851605e-02   2.7254675e-02  -5.4662482e-02  -6.0813520e-02  -6.2195634e-02   3.1037054e-02   1.8947357e-02  -8.2703477e-02
   5.3947806e-02   6.8523204e-02   1.1045226e-01   2.2162226e-02   2.9117153e-02   1.5111039e-01  -4.3645502e-03  -7.2042989e-02  -1.8898105e-02  -4.8311184e-02  -4.1493429e-02   6.8442700e-02   1.6875285e-02   8.1296921e-02  -5.2823066e-03  -4.6216438e-02   5.3021728e-03   6.0203409e-02   4.7222399e-02   1.5114462e-02   2.8419506e-02   9.5114259e-02   5.8952739e-02  -2.6499449e-02  -5.1468297e-02  -2.2099070e-02   1.1467197e-02   6.1593333e-02  -3.1600930e-03  -2.2693512e-02  -3.8095612e-02   2.8500693e-02  -6.6649546e-02   1.1597670e-01  -9.5931258e-03  -6.7885525e-03   1.4639378e-02   1.0814562e-01  -2.7685039e-02  -3.3621835e-02  -3.5205237e-02  -5.7794550e-02  -8.3207392e-02  -1.5111521e-03   8.6176654e-02  -2.8256252e-02   7.6523094e-02  -2.0537799e-02   3.5400908e-03  -5.1665666e-02  -2.0050554e-03  -1.2828733e-02  -2.8840397e-02  -3.7208553e-02  -3.1019133e-02   3.6066743e-02   0.0000000e+00   7.7031303e-02  -5.6397857e-02  -8.4763539e-02  -5.0931722e-02  -6.0157248e-02  -9.0777151e-02   7.9880680e-02   3.2091678e-01  -2.9929672e-02  -1.1766056e-02  -4.9377931e-02  -7.3712917e-02   3.1137238e-02  -2.3032412e-02  -3.8839132e-02  -7.8996788e-02  -2.4685971e-03   4.4812528e-02   7.6007132e-02   9.0771755e-03  -9.4499097e-02  -1.1852392e-03   8.3884083e-02  -3.6161760e-03   6.8733827e-02  -5.8462672e-02  -1.1993375e-01  -5.9416127e-02   9.8262735e-02   6.0777291e-02  -4.8460892e-02   6.6900815e-03  -7.3262994e-02   4.9730649e-02   2.5271336e-02  -6.4109086e-03   7.9513636e-02   4.6026619e-03   7.4437442e-02  -3.0072098e-02  -2.5328699e-02  -2.4521314e-02  -8.1878105e-03
  -7.6444243e-02  -1.5934643e-02   3.4514390e-03   8.6272926e-02  -2.7901182e-02   4.7537610e-03  -4.8602163e-02   1.2729103e-01  -6.7120095e-02  -1.0693256e-02  -8.3051831e-02  -1.0569997e-01   4.0279547e-02   5.9114581e-02   5.4048731e-02   1.6597841e-02   7.8553210e-03  -5.5107599e-03   9.6142267e-02  -7.7376889e-02  -5.1423694e-02  -3.9519419e-02   5.6968949e-03  -1.4366589e-02  -1.2000259e-01  -8.7524284e-02   2.7196326e-02  -2.6361358e-03  -5.7885562e-02   6.1832416e-03  -1.2213091e-01  -6.0778488e-02   2.5990641e-02  -6.0149165e-02   2.4221325e-02   1.2875447e-01   1.3823041e-02  -5.6341547e-02   8.7733498e-02  -6.7000069e-02   2.0601140e-02  -5.0169986e-02   8.6866179e-02   8.4524282e-02  -1.2799673e-02   3.0537815e-03  -7.0924174e-02   6.6251088e-02  -1.6725758e-02  -2.3730797e-02   8.5433299e-03  -3.8501214e-02   9.5552615e-02  -1.6866339e-02   1.3450415e-02   2.7432807e-01   7.7031303e-02   0.0000000e+00  -2.0252361e-02   1.7791082e-01   3.6610473e-02  -1.0026461e-01  -2.3050500e-02  -5.7448230e-02   2.1944762e-01   2.8728478e-02  -4.2826525e-02   1.8004921e-01  -2.0734722e-02  -6.9988294e-03  -1.5259811e-01   4.3553819e-02   1.8707158e-02   6.9861598e-03  -5.4838590e-02   1.5824142e-01   6.2068936e-02  -5.1308793e-02  -3.0094206e-02   2.7352176e-02   6.4793610e-02   2.2590067e-02  -3.8720387e-02   9.3911887e-02   2.5943100e-02  -1.7710125e-02  -1.1091949e-01   9.0748654e-03   9.5230325e-02  -4.4170736e-02   5.5877155e-03  -4.5032822e-02   1.0734499e-02  -3.2761039e-02  -4.9028535e-02   7.6996790e-03  -6.8137669e-02   1.5866462e-02   1.1906253e-01  -5.4827479e-02
  -9.8852873e-02   6.2866270e-02  -4.8205785e-02  -3.3297548e-02   3.7492798e-02   2.0966225e-02   3.7460083e-02  -2.3208625e-02   2.3192938e-02  -2.3459973e-02   2.3172857e-02  -2.7237669e-02   9.6340337e-02  -1.1960303e-02   2.9556618e-02  -2.8463156e-02  -4.6829170e-02   8.6959692e-02   4.7662575e-03   2.7295703e-02   1.2415639e-01   1.2592970e-02   7.1669186e-03   7.8729155e-02   2.1605245e-02   7.7965044e-02   3.0972789e-02   9.3443422e-02   1.4776753e-02   6.9073744e-02   1.5763824e-01   7.4078533e-02   7.3666249e-02  -1.2432209e-01   4.2094418e-02  -1.7507434e-02  -2.6245491e-02  -8.1984266e-02  -5.0593436e-02   5.7582190e-02   2.5184877e-02   7.5348067e-02   3.3243415e-02  -4.4662204e-02  -4.4953134e-02   4.7026246e-02   2.3346774e-02  -6.8880964e-03   1.3229026e-01   1.5697265e-01   8.3445138e-02   5.0568477e-02   3.8301712e-02   7.3214242e-03   2.5769739e-03   8.3756970e-02  -5.6397857e-02  -2.0252361e-02   0.0000000e+00   6.0120097e-02  -2.2252802e-02  -5.5240804e-02  -1.1578782e-02   1.0489433e-01   2.9215620e-02   5.0676421e-02   4.5551723e-02  -2.9636049e-02  -1.4216329e-02   5.1460446e-02   8.3082164e-02   1.7378167e-02   1.7504726e-01   6.9947141e-02   4.0480552e-02   8.7007359e-02   4.7571701e-02   6.3643136e-02   2.8584588e-02  -5.9815544e-02   1.2042688e-01  -7.7666265e-02   3.8863635e-02   2.3613789e-02   7.4426433e-02   2.8154304e-02   3.5626149e-02   1.9975266e-02   1.6151046e-03   1.1676092e-01   6.8169832e-03   1.3082545e-02   7.6643247e-02   5.2577583e-02  -2.9007351e-02   2.2445169e-02  -7.5791940e-02  -6.7235289e-03  -3.9297678e-02  -3.3899767e-02
  -1.0854889e-02  -5.1203637e-02   1.6592705e-02   1.1464968e-01  -6.2654909e-02   1.8972499e-02  -1.6738948e-02   1.2150892e-01  -7.6260814e-03   7.3377399e-02  -3.2215587e-02  -1.7365520e-02   1.5899153e-02   5.7067483e-02  -9.5817790e-02   1.6294487e-02   7.2622936e-02   4.2337835e-02   1.7788086e-01  -1.5973530e-02  -1.0164329e-01   3.4059528e-02   6.9874301e-03   2.3542442e-02  -3.4979991e-02  -7.3751331e-03   4.9829293e-02  -1.8061880e-02  -1.7679020e-02  -1.4308800e-02   5.4238692e-02  -1.1886754e-02   1.6159660e-01  -3.4787100e-02   3.2671425e-02  -2.4902371e-02  -3.6142913e-02  -4.1029756e-02   3.1082661e-02   2.1925618e-02   5.5860074e-02  -3.4124021e-02   2.7066397e-02  -1.6118694e-02  -5.6773121e-03  -7.1764812e-03  -7.5244255e-02   1.2550048e-01   1.5901194e-02  -3.9573523e-03   2.1962579e-02  -2.8215141e-02   7.7777580e-02  -9.1436970e-03   2.9024134e-02   7.4138956e-02  -8.4763539e-02   1.7791082e-01   6.0120097e-02   0.0000000e+00   2.9426542e-02  -5.6275826e-02   1.4778383e-02   1.1911653e-02   8.3135390e-02   1.2670000e-02  -4.6448398e-02   1.0654558e-01  -1.1149458e-02  -2.2126726e-03  -1.0735775e-02   3.6480667e-02   8.6199942e-02   3.8883301e-02  -6.0225240e-02  -4.8381279e-02   1.0488885e-02   2.3285637e-02  -3.2495616e-02  -1.1580607e-01   1.6333050e-01   5.7589422e-02   4.1830614e-02   2.0324191e-01   2.3694862e-03  -3.6817326e-02  -8.6159539e-02   1.4976783e-01  -1.0357048e-02   2.0328099e-02  -1.7494144e-02  -1.3975075e-02   2.2525741e-02  -4.3156825e-02  -2.8216142e-02  -8.5511584e-02  -1.8675462e-02   4.8229601e-02   5.9462125e-02  -5.3445173e-02
   5.9061575e-02  -1.2093227e-01   3.5129253e-02  -4.8326929e-02   3.3265192e-03  -1.7172299e-02   1.0852576e-01   1.2485166e-01  -3.7544562e-02  -4.1773179e-02   1.6762363e-02   6.2519699e-03   3.7848245e-03   9.1226365e-02   3.0270822e-02  -2.3542415e-02   7.5374236e-02  -5.3491786e-03  -2.3268521e-02   1.1152540e-02  -2.6691610e-02  -2.9959288e-02  -1.5457874e-02   5.9442971e-02  -1.9500175e-02   2.9965975e-02  -3.2386162e-02  -2.5459440e-02   4.4980298e-02   3.3700637e-02  -2.1106781e-02  -5.6508401e-02   4.0446018e-02   4.9984416e-02   1.0333393e-01   4.0368262e-02   1.0463700e-01  -3.7666383e-02   5.5707846e-02  -7.4343711e-02   2.9768316e-02  -1.7517679e-02   1.0105369e-01   3.5229866e-02   5.1874332e-02   7.0556821e-02  -3.2134848e-02   8.1220898e-02   4.2124148e-02   2.2339166e-02  -6.5875560e-02   4.7743248e-02   3.0332312e-02  -3.0148760e-05   3.0300333e-02  -2.1283851e-02  -5.0931722e-02   3.6610473e-02  -2.2252802e-02   2.9426542e-02   0.0000000e+00   3.5089578e-02  -4.7196868e-02  -3.9671413e-02   2.5734108e-02   6.1140048e-02   1.2109425e-02   2.8527870e-02  -2.5522584e-02   4.3513966e-02  -5.1058555e-02   8.4211353e-02  -5.5608619e-02   3.5913977e-02  -1.0674147e-02   1.9166002e-02   3.6709106e-03  -6.3011181e-02   5.0786596e-02  -5.2050843e-02   2.6749360e-02   5.0456241e-02  -2.3721922e-02  -1.0207775e-02  -1.6167850e-02   1.0506844e-02  -1.4912176e-02  -8.1849210e-03   3.4379511e-02   3.6122295e-02   4.5820447e-04  -7.3129193e-03  -3.4108475e-02   4.8698592e-02   2.5066237e-02  -6.8155222e-02  -2.3986862e-02   1.0022792e-01  -2.5137975e-03   5.6008075e-02
   5.2071016e-02  -1.2853622e-02  -9.0148765e-02  -7.7562698e-02   6.5256226e-02  -1.5183656e-02   5.7614924e-02   1.7415240e-01  -1.9169702e-04   3.4000890e-02  -3.1409822e-03  -2.8273936e-02  -6.6588720e-03  -5.7347641e-02  -5.9754034e-02   1.8871005e-01  -9.5323972e-03  -9.3210347e-02  -5.0741372e-02  -8.0019539e-02   2.1893165e-02  -5.9745750e-02  -5.1569471e-02  -6.6894386e-02   6.5353926e-02  -2.0185386e-04  -4.9553712e-02  -5.7963095e-02  -1.0376655e-02  -7.3450029e-02  -8.2154042e-02  -7.2788160e-02   3.5576774e-03   6.5796676e-02   4.1456660e-02   1.5694227e-01   7.4002593e-02  -4.8804807e-02   6.4719189e-03   2.6258241e-02   4.1716585e-02   1.2269839e-01  -8.4633919e-02   1.2282306e-01   1.7985783e-02   2.4538362e-02  -3.7338011e-02  -3.2874278e-03  -4.9444745e-02  -2.6555464e-02  -6.0140984e-02   7.8456478e-02  -3.3311058e-02   1.4725554e-02   2.1277673e-03  -5.8066123e-02  -6.0157248e-02  -1.0026461e-01  -5.5240804e-02  -5.6275826e-02   3.5089578e-02   0.0000000e+00  -4.0183232e-02  -4.9436292e-02  -2.7350622e-02   1.0639276e-01   6.3235901e-02  -3.7133851e-02   2.1115130e-01  -4.6696271e-02  -7.1866531e-02   8.5826214e-02  -7.5139856e-02  -1.1554856e-03  -4.8122460e-02  -3.0174696e-02  -1.8693615e-02  -6.1000211e-02  -6.8624749e-02  -2.7518675e-02   3.1689338e-02   1.9438936e-01  -1.4872014e-02  -1.0730286e-02   9.0696776e-03   3.9183486e-02  -6.7606784e-02  -5.7639809e-02  -2.1648061e-02   4.1190436e-02  -8.4943241e-02  -3.6635602e-02  -3.7856685e-02  -8.2998858e-02  -5.4360898e-02  -1.4809520e-02   8.5587361e-02   2.3267420e-01  -5.3571551e-03   2.1978246e-01
  -1.0154284e-01   2.6857460e-03  -1.1340517e-01  -1.1776481e-02  -5.5952183e-03  -6.4150531e-02   4.4409249e-02  -4.4485012e-03  -4.0012416e-02  -9.5888516e-03  -1.5941167e-01  -1.3848923e-02   9.4811278e-02  -1.6076766e-02   4.4425357e-02   9.8359357e-03  -5.2562422e-02  -1.6508050e-03  -1.5469062e-02  -3.6365905e-02   1.0424970e-01  -1.9767386e-02  -2.3289114e-02  -1.7263416e-02  -3.2790571e-03   2.1060575e-03  -2.7875560e-02   1.6868403e-02  -4.1774487e-02  -1.4111118e-01  -1.6311353e-01  -2.6894864e-02   3.9894926e-02  -1.0085455e-01   1.1809881e-02  -5.8182670e-03  -6.5584645e-02  -9.4286113e-02  -3.9200565e-02  -2.0284986e-02   2.5889409e-02  -1.7505824e-02  -1.3112517e-01  -1.0290066e-02  -1.3225094e-01  -7.9032929e-02  -4.6794629e-02  -4.1056215e-02  -3.1464717e-02   3.0260917e-02   1.2955827e-02   1.8096066e-02  -5.1757981e-02   7.4400784e-02   9.7999141e-04   4.8376559e-02  -9.0777151e-02  -2.3050500e-02  -1.1578782e-02   1.4778383e-02  -4.7196868e-02  -4.0183232e-02   0.0000000e+00  -1.5833899e-01   2.4653853e-02  -3.1516516e-02  -1.1409173e-01  -2.4421105e-02  -3.2350306e-02  -1.0483743e-01   7.7754251e-02  -1.3525287e-01   9.2644935e-02  -5.3605148e-02  -1.3461562e-01   5.5079957e-02  -9.6022936e-03  -1.5077662e-01  -3.3305397e-02  -2.9446955e-02   5.8580724e-02  -9.4588415e-02   4.2795987e-02   8.1885301e-02  -8.2373993e-02  -5.7827580e-02  -9.2798187e-02  -3.3239802e-02  -1.3678698e-01  -3.8521243e-03   2.7127280e-02  -1.0025920e-01   1.5756438e-01  -3.7453017e-02  -1.3743613e-01  -4.4806727e-02  -2.6075378e-02  -2.3679813e-02   3.5866762e-02   2.1911584e-02
  -4.9616268e-02   4.5020527e-02   2.7759793e-02  -4.2475052e-02   6.6305566e-02  -4.1859271e-02  -3.0008396e-03  -3.2438675e-02   5.4310748e-02  -5.2288591e-03   9.2858204e-02  -7.9777763e-03  -7.1111072e-02  -5.7425747e-02   6.6314903e-03  -1.2030786e-02  -1.2839300e-02   1.5884519e-01  -4.7096018e-03  -4.1390320e-02   2.4640055e-01  -5.3377842e-02   2.2038437e-01  -8.2697991e-03   1.9656504e-02   3.4338473e-02   3.6175690e-02   5.8337147e-02   3.8713018e-02   5.2627345e-02   3.9453486e-02   1.7469827e-01  -2.3387278e-02  -3.4799760e-02  -6.4145642e-02  -4.8458384e-02  -1.0567353e-02   6.9752387e-02  -1.1394816e-01   4.1033079e-02   1.2404934e-02   5.7119756e-02   6.7929373e-02  -3.3676802e-02  -3.1286828e-02   3.0951491e-02   7.2339141e-02  -9.6330636e-03   7.6326064e-02   2.0615898e-02   1.5019845e-01   3.7720860e-02   6.2493688e-03  -8.5944738e-03  -5.8890523e-02   2.6688144e-02   7.9880680e-02  -5.7448230e-02   1.0489433e-01   1.1911653e-02  -3.9671413e-02  -4.9436292e-02  -1.5833899e-01   0.0000000e+00   1.9646664e-02  -4.6421884e-02   1.7804822e-02  -2.9559670e-02  -5.2486506e-02  -2.7226117e-02   3.0568041e-02   1.8143829e-02  -3.9983016e-02   4.7552651e-02  -3.0310354e-02  -1.3386143e-02  -2.7248667e-02  -3.5396829e-04   2.5001280e-02   4.6855340e-02  -1.7441799e-02  -7.9575579e-02   6.2466292e-02  -3.8339718e-02   7.8258205e-02  -4.2682251e-03   5.6607246e-02   1.6821046e-01  -3.3287016e-03   2.1227954e-03   1.6826554e-01   3.2407823e-02  -5.9727964e-02   3.0723155e-02  -5.6575422e-02   3.3532516e-02  -2.4198246e-02  -4.5290480e-02  -1.1772203e-01  -1.5356229e-02
  -4.1592251e-02   1.6025132e-03   7.2196859e-02   4.0165389e-02  -9.1548582e-03  -3.7741193e-02   7.8151711e-03   7.5537328e-02  -5.4223004e-02   1.6295380e-02  -2.8670126e-02  -1.1797797e-03   3.8458388e-02   1.8093408e-01   6.9034070e-02  -3.8982429e-02   6.6793495e-02   4.8756160e-02   2.0896824e-01  -4.2963428e-02   3.8641426e-02   2.1865255e-02  -1.9033789e-02   6.7587171e-02  -9.8525627e-03   5.7973772e-02  -1.1636224e-02  -6.4351082e-03   3.9276493e-02   6.8701144e-02   3.0738388e-02   1.9314861e-04  -1.2782358e-02  -8.4805247e-02   7.0129444e-03   6.6842119e-03  -1.6689687e-02  -3.5681229e-02   9.6889800e-03  -1.3255750e-03   3.5705908e-02  -1.9188215e-02  -2.0461904e-02  -2.3611457e-02   4.5190285e-02  -6.9645749e-03   2.6851585e-02   4.2004798e-02   5.3380164e-02   7.5937432e-03   6.4998757e-02  -3.0662634e-02   3.5782959e-02   2.9348929e-03   2.0051421e-02   9.9891467e-02   3.2091678e-01   2.1944762e-01   2.9215620e-02   8.3135390e-02   2.5734108e-02  -2.7350622e-02   2.4653853e-02   1.9646664e-02   0.0000000e+00  -3.2381207e-04  -2.3831387e-02   9.6326807e-02  -7.2840191e-04   2.4520390e-02  -6.8088905e-02   2.8230364e-02   4.9151526e-02   2.4293887e-02  -6.5893688e-02   4.3042472e-02   2.0892838e-02  -4.2243816e-02  -2.5848840e-02  -1.1833330e-02   1.0541062e-01   1.2788089e-02  -1.8568871e-03   1.1599088e-02   8.7778888e-03  -5.6334475e-02  -7.1952901e-03   6.8369463e-02   5.6281974e-02  -1.9236515e-02   7.0431428e-02  -2.8808672e-02   6.0553110e-02   2.2020821e-02  -7.1644996e-02  -1.0299469e-01  -3.4830121e-02  -1.1563783e-02   8.3380118e-03  -4.0542419e-02
   3.7384849e-02  -1.8550704e-02   7.4337899e-03   7.2669496e-02   6.1879022e-02  -3.6259764e-02   4.6020990e-02   6.0953662e-02  -4.7691291e-02   4.7972533e-02   3.1194114e-02  -6.2832523e-03  -2.0217409e-02   4.9642350e-02  -4.3604129e-02   1.1537187e-01   1.1036058e-02  -5.4087357e-02  -2.0627804e-02   2.9008207e-02  -5.9155631e-02  -1.3098756e-02  -2.2308510e-02   2.0406986e-02  -9.2356141e-03   7.5157782e-02  -1.0384540e-02  -3.2142249e-02  -3.2470278e-02  -1.5290521e-02  -5.9169025e-02  -4.4130145e-02   4.5734844e-02   6.6295348e-02   1.0602364e-01   6.7488600e-02   7.6974205e-02  -6.2553679e-02   3.7543219e-02   3.4577134e-02   4.7472302e-02   6.1873463e-03   1.7906049e-02   5.1888808e-02   6.6539307e-02   1.0893402e-01  -4.1948788e-02  -1.1779540e-02  -3.1466914e-02   5.0278465e-02  -3.6449624e-03   9.7242509e-04   1.0902020e-02  -6.1874480e-02  -3.0210137e-02   4.9693533e-02  -2.9929672e-02   2.8728478e-02   5.0676421e-02   1.2670000e-02   6.1140048e-02   1.0639276e-01  -3.1516516e-02  -4.6421884e-02  -3.2381207e-04   0.0000000e+00   1.0437545e-02   8.2194741e-02   7.6220859e-02   2.1227937e-02   6.3165458e-03   9.5381321e-02   4.0574602e-02   3.6458465e-02   5.2249197e-03  -4.8204300e-02   8.8719525e-02  -2.1046772e-02  -4.4394611e-02  -7.0257210e-02  -1.0841413e-02   1.2726604e-01   1.2978003e-02   3.8327680e-02   7.3919094e-03   1.6663845e-03  -8.2069475e-02  -4.9997614e-02  -2.1331238e-02   1.6378429e-02  -1.3988366e-02  -3.3721610e-02  -3.2651520e-02  -2.1496249e-02  -3.0381145e-02  -1.5720791e-02   1.3610569e-01   9.2756786e-02   5.1750044e-02   4.4759543e-02
  -2.4021714e-02   2.6014871e-02   5.0719632e-02  -5.7776461e-03   8.4271567e-03   4.5525034e-02   1.6714951e-02  -1.1817684e-02  -1.9288323e-03  -1.7504933e-02   7.1579517e-02  -1.0215847e-02   1.6855907e-02  -6.1692192e-03   1.4256247e-02  -1.5878097e-02   8.3491014e-03  -3.5243427e-02  -2.7304150e-02   2.8613020e-02  -8.9074051e-03  -4.1629837e-02  -5.0481014e-02   3.3579301e-02   1.2734469e-02   6.1960001e-02   1.3392270e-02   2.5146314e-02   5.6464055e-02   4.2037113e-02   1.3635899e-02  -1.8482871e-02  -2.1930974e-02   7.4472353e-02  -1.7823880e-02  -1.0584006e-02   3.2492968e-02   1.1769485e-02  -1.3348200e-02  -3.8643650e-02  -2.7111547e-02   1.1136058e-01   6.4375772e-02  -1.5824174e-02   2.0792097e-02   4.2396524e-02  -2.8972200e-02   7.8744959e-03  -2.3761949e-02   4.1250224e-02   4.8663851e-02   1.1935765e-01  -4.7443878e-03  -2.3499152e-02  -1.2511819e-02  -5.7680015e-02  -1.1766056e-02  -4.2826525e-02   4.5551723e-02  -4.6448398e-02   1.2109425e-02   6.3235901e-02  -1.1409173e-01   1.7804822e-02  -2.3831387e-02   1.0437545e-02   0.0000000e+00  -5.3770436e-02   3.1725664e-02   8.9196195e-02   1.6449682e-03   1.6925460e-02  -2.1825491e-02   1.5972909e-01   5.7968124e-02   9.5126775e-04   4.0703615e-02   1.3014446e-01  -2.6283989e-02  -4.4496320e-02  -8.8620243e-03   4.6627498e-02   1.5773316e-02  -3.1769095e-02   1.4688705e-02   5.8713417e-02   9.2283720e-03  -7.4551956e-02   1.4958909e-02  -1.0572731e-02  -1.0300682e-01   6.3980210e-02  -9.6981103e-03  -4.6902543e-04   1.3922403e-01   4.1162645e-02   5.1411613e-02   8.4366447e-03  -4.8990688e-02   2.6917474e-02
   6.9689272e-02   4.1595570e-02   5.5186677e-02   3.2159966e-02  -6.0163235e-03  -1.1345365e-01   1.4150891e-02   1.3234801e-01  -4.7741058e-05  -2.8663563e-02  -1.5744266e-02  -1.0297790e-02   1.9453300e-02   7.6634212e-02  -2.1853529e-02   5.3179765e-02   3.9774799e-02   3.1154952e-02   1.1024850e-01  -9.6366952e-03  -7.4708988e-03  -4.0579033e-03   2.1313261e-02   7.4094021e-02  -3.9199987e-02   1.0939448e-02   5.3638521e-02  -3.0027657e-02   8.9546595e-03  -5.1976405e-02  -3.0873866e-02  -6.7252087e-02   4.8208791e-02  -3.4246780e-02   4.2080781e-02   2.3489116e-02   1.2609595e-02  -6.9025743e-02   1.5331496e-02   1.0451791e-02   5.2596845e-02  -7.7572011e-02  -1.3293551e-02   7.8108651e-03   3.2271196e-02   6.3580307e-03  -5.4050352e-02   9.0826199e-02   3.2722276e-02   1.2357145e-01   4.7114932e-02  -5.3316391e-02   1.3788103e-01  -2.7759487e-02   1.3393051e-01   7.9467064e-02  -4.9377931e-02   1.8004921e-01  -2.9636049e-02   1.0654558e-01   2.8527870e-02  -3.7133851e-02  -2.4421105e-02  -2.9559670e-02   9.6326807e-02   8.2194741e-02  -5.3770436e-02   0.0000000e+00   7.8503406e-02   1.8095476e-03  -3.6657245e-02   3.1475703e-02   5.4702938e-02   6.5393129e-02  -4.3477766e-02   2.4540325e-02   1.1233922e-01  -3.7794076e-02  -1.9292628e-02  -1.6873227e-02   5.4803936e-02  -8.2775538e-03  -6.2550320e-04   1.5133774e-01   1.0681669e-01   2.5189123e-03  -5.3560287e-02   7.8566874e-02  -1.1910190e-02   2.7844956e-02   4.5046031e-02   1.6040993e-03   1.7277789e-02  -8.4102660e-02  -7.3628078e-02  -9.1476122e-02  -2.7195943e-02   6.6564995e-02   2.0739780e-01  -8.1495311e-02
   3.8197399e-02  -6.8413407e-02  -6.2298477e-02   6.9201668e-03   2.5195959e-02  -5.1327822e-02   1.1389528e-04   9.3287698e-02   3.4149153e-02   6.8474764e-02   7.7287618e-02  -2.3149036e-03  -2.0646992e-02  -7.9735717e-03  -3.9500912e-03   2.6579422e-01   6.7492406e-03  -1.1921409e-02  -2.4834020e-02   4.6931968e-02   2.0958829e-02  -3.4950292e-02  -2.8986507e-02   2.9428129e-02   7.7418657e-02   1.6540097e-02   2.0876597e-02  -4.4159667e-03  -4.3075358e-02  -1.6935730e-02  -7.0293013e-02  -5.5579266e-02  -5.1883828e-03   7.5627479e-03   6.3867028e-02   7.6306339e-02   4.2434709e-03  -5.1348382e-02   4.4686978e-03   9.6231341e-02   9.4594365e-02   9.7905831e-02  -7.5162712e-02   2.4878182e-02   1.9192156e-02   9.4204853e-02  -1.0611531e-02   1.4415351e-02   1.8931062e-02   2.3333006e-02   1.5141075e-02   6.5073480e-02   1.4798398e-02   7.9346130e-04   9.5949625e-02  -2.0325876e-02  -7.3712917e-02  -2.0734722e-02  -1.4216329e-02  -1.1149458e-02  -2.5522584e-02   2.1115130e-01  -3.2350306e-02  -5.2486506e-02  -7.2840191e-04   7.6220859e-02   3.1725664e-02   7.8503406e-02   0.0000000e+00  -3.8809661e-02   1.7189325e-02   1.0216893e-01   2.1918516e-01   9.0168955e-02  -2.1676164e-02   1.3574089e-02   2.1313693e-02   7.0634351e-02  -4.1083161e-02  -1.8008668e-02  -4.1104290e-02   3.0195734e-02  -5.4253585e-02   1.2163102e-01   7.1619817e-02  -1.1849146e-02  -2.2759001e-02  -6.1786234e-03  -3.0091344e-02   9.2481528e-03   4.5225490e-03   3.7714341e-03  -2.9280651e-02  -4.5195522e-02   3.4533240e-02  -3.9840037e-02   9.2699476e-02   7.0860124e-02   1.4453366e-01  -9.0227815e-02
   5.8324797e-02   3.1973010e-02   1.3671037e-01   1.9119336e-02  -4.8218098e-02   8.8378369e-02   6.6373970e-02   1.8903266e-02   1.7829580e-02  -2.5136246e-02   5.3371434e-02   3.2926318e-02  -2.8249973e-02   5.9269902e-02   1.8821979e-02  -4.7179476e-02   5.1476628e-02   2.1592202e-02   1.1193099e-01   7.8611295e-02  -9.0922337e-02   3.8581560e-02   4.2160162e-03   5.1325528e-02  -7.2100111e-02  -1.5668934e-02  -1.7139966e-04   4.6819712e-02   7.5282287e-02   7.9219208e-02   8.0319835e-02  -1.7594937e-02  -2.9138719e-02   9.0143724e-02   3.4753643e-02   7.4724771e-02   2.2190332e-02  -5.7080082e-02   8.3391809e-02  -1.5136627e-02  -5.0803136e-03  -5.2161940e-03   1.0043375e-01   2.2484418e-02   4.2295246e-02   7.0755308e-02  -1.5607146e-02   2.3433477e-02   1.5139705e-02  -3.8689258e-03   3.0992963e-02   7.6694155e-04   5.2418706e-02  -2.2214330e-02  -4.4688651e-02  -5.9561033e-02   3.1137238e-02  -6.9988294e-03   5.1460446e-02  -2.2126726e-03   4.3513966e-02  -4.6696271e-02  -1.0483743e-01  -2.7226117e-02   2.4520390e-02   2.1227937e-02   8.9196195e-02   1.8095476e-03  -3.8809661e-02   0.0000000e+00  -3.7529642e-02   9.2949431e-02  -3.8780311e-02   5.2988283e-02   8.4468525e-02  -8.6942830e-03   9.8423733e-02   4.2968229e-02   9.7411396e-02  -6.5130974e-02   5.5950258e-02  -2.3389761e-02  -4.7054043e-03  -6.2858062e-02  -3.1335111e-02   4.7864766e-02   1.2678177e-02  -1.3197600e-04   1.0248399e-01   6.6717158e-02  -3.8363489e-02   8.6795159e-02   1.6105127e-02   9.5961593e-02   9.5981852e-02   2.6328292e-02   1.1269506e-02   6.2968738e-02  -5.6721722e-02   4.1526220e-02
  -6.6286213e-02   2.8171538e-02  -9.9482970e-02   1.1811625e-02  -2.9609459e-02  -3.0152694e-02  -7.6718575e-02  -9.6905522e-02   4.7030033e-02  -9.2557130e-03  -6.5888634e-02  -4.7185811e-03   5.1814059e-03   1.5139697e-03  -6.7112539e-02   2.4311828e-03  -6.3347274e-02   6.1007559e-02  -7.0513583e-02   1.6995065e-02   1.8520354e-01  -2.3925524e-02   3.8236461e-02   2.6951104e-02   8.2930803e-02   4.8957834e-02  -6.3357559e-02   1.4268359e-01  -6.8460387e-02  -4.1497150e-02  -1.4857779e-02   8.1344204e-02  -3.2233400e-02  -1.4139543e-02  -6.9142256e-02  -5.5350597e-02  -3.2758007e-02  -5.3483766e-02  -7.9472774e-02   1.0433650e-01   1.3693796e-01   1.2202601e-01  -2.1590846e-01  -1.8761188e-03  -7.0059504e-02  -1.2777027e-02   2.2297748e-02   5.6870854e-03   6.2871195e-02   1.1669428e-01  -3.3284341e-02   3.4253380e-02   9.7825127e-03   8.6494997e-02   7.0147129e-02   2.9879102e-03  -2.3032412e-02  -1.5259811e-01   8.3082164e-02  -1.0735775e-02  -5.1058555e-02  -7.1866531e-02   7.7754251e-02   3.0568041e-02  -6.8088905e-02   6.3165458e-03   1.6449682e-03  -3.6657245e-02   1.7189325e-02  -3.7529642e-02   0.0000000e+00  -8.5364069e-02   6.1636982e-02  -1.4123169e-02   2.1595954e-02  -2.0210687e-02  -1.5323749e-02   4.1303989e-02  -4.5714972e-02  -2.4498669e-02  -1.8760027e-02  -9.7840853e-02   5.5256011e-04   1.2271076e-01   2.5362321e-02  -8.3058014e-02   1.8739244e-01  -1.3929715e-01  -3.3740182e-02   8.2629776e-02  -7.1044307e-02  -6.1276430e-02   7.8134473e-02  -7.4859699e-02  -7.7318359e-02  -3.4511567e-02  -3.7795964e-03  -3.3041180e-02  -3.3582492e-02   7.2817709e-02
   5.7037795e-02  -7.0191431e-02   5.6365747e-02   2.5992434e-02   2.8995089e-02   2.5297516e-02   7.8911800e-02   1.1279129e-01  -8.6866868e-02   8.7095475e-02   5.0659073e-03  -4.1171596e-02  -1.9957562e-02   4.4165940e-02  -1.1784020e-02   1.4016373e-01   1.0984183e-01  -5.0836717e-02   5.1908371e-02  -2.2542027e-02  -5.8725247e-02   4.3763182e-04   3.0731050e-03   3.8037218e-02  -5.7266468e-02   2.5417761e-02  -1.8456686e-02  -4.7833274e-02  -2.8056727e-02  -2.7530239e-03  -1.0983553e-01  -4.3850310e-02   2.1047185e-02   1.2736968e-01   7.0280035e-02   1.6845619e-01   5.1671631e-02  -1.0679432e-02   4.4588353e-02  -7.2414521e-02   5.9283499e-02   9.3948291e-02   4.6428794e-02   2.6301895e-02   8.9852198e-02   7.7306440e-02  -6.8010704e-02   6.3858550e-02   8.4072714e-03   2.6979640e-02  -3.0954508e-02   4.0358694e-02   9.2086086e-02  -8.4051674e-02  -1.1456646e-02   6.3238248e-02  -3.8839132e-02   4.3553819e-02   1.7378167e-02   3.6480667e-02   8.4211353e-02   8.5826214e-02  -1.3525287e-01   1.8143829e-02   2.8230364e-02   9.5381321e-02   1.6925460e-02   3.1475703e-02   1.0216893e-01   9.2949431e-02  -8.5364069e-02   0.0000000e+00   2.5161605e-02   5.8437606e-02  -5.7567136e-02   6.0899137e-02   6.7619661e-02  -1.3461924e-02  -4.8703882e-02   1.3289531e-03   1.7235254e-02   9.1665259e-02  -5.3041662e-02  -4.7700510e-03  -8.7856093e-04   2.6864039e-02  -1.2838395e-01   4.2834192e-02   9.8746560e-02   2.6129285e-02   3.4318241e-02  -3.2392763e-02  -8.7604458e-02   6.3016265e-02  -4.6805088e-04  -1.2907400e-02  -2.2975815e-02   1.1766229e-01   2.7465475e-02   1.0830012e-01
  -2.5734719e-02   3.5138522e-02  -2.2180329e-02   2.9756693e-02   4.9228938e-02  -1.3527028e-01   3.6565748e-02   2.0553449e-01   4.3009581e-02   5.8013866e-02   3.0034346e-02  -2.3666801e-02   7.8097354e-03   3.7428425e-03   9.3827907e-02   5.6651630e-02  -1.8649717e-02   2.5755279e-02   8.2776420e-02  -1.4685443e-02   4.9564992e-02  -3.7605492e-02   7.6619659e-02   1.2617918e-01   1.7837262e-02   7.9336872e-02   4.9037468e-02  -1.7015452e-02   3.3001856e-02   3.4208686e-02   2.0342798e-02   7.4629338e-02   1.1254335e-01  -8.8881283e-02   1.3675509e-01   8.0011588e-02  -4.6495276e-02  -8.1198125e-02   7.8659854e-02   6.9866056e-02   9.2210697e-02   7.0886945e-02  -8.5312170e-02  -2.2409680e-02  -2.1441640e-02   3.7644815e-02  -5.3348282e-02   2.5482693e-02   7.8678089e-02   1.1006731e-01   4.0461638e-02  -4.6059780e-02   4.2075089e-02   1.1426501e-01   1.9799078e-01   1.0051496e-01  -7.8996788e-02   1.8707158e-02   1.7504726e-01   8.6199942e-02  -5.5608619e-02  -7.5139856e-02   9.2644935e-02  -3.9983016e-02   4.9151526e-02   4.0574602e-02  -2.1825491e-02   5.4702938e-02   2.1918516e-01  -3.8780311e-02   6.1636982e-02   2.5161605e-02   0.0000000e+00   2.0021224e-01  -1.1694861e-01   5.3372986e-02   7.6559431e-02   9.1288433e-03  -7.8222749e-02  -4.0874570e-02   2.0346801e-01   5.5182918e-02   2.3577655e-02   1.4872032e-01   1.1083253e-01  -3.1102010e-02   4.9544596e-03   1.4047080e-01   1.9471402e-02   1.6635294e-01  -2.2337166e-02  -1.4197763e-02   9.2060039e-02  -6.0236224e-02   4.8944417e-02  -4.3925600e-02   7.8456898e-03  -2.8160242e-02   1.7274091e-01  -1.0475009e-01
   3.2800087e-02   3.1649812e-02  -5.0458074e-02  -1.8965597e-02   9.3226516e-02  -3.8577479e-02   3.6303885e-02   4.4781594e-02   2.1540174e-02  -9.5661356e-02   1.1722078e-01  -2.6959806e-02  -2.2123217e-02   5.7435512e-02   3.0145824e-02  -4.7829434e-03   4.7587995e-02  -3.8344280e-03   1.5108501e-02  -3.4287631e-03  -2.2544374e-02  -4.3651234e-03   3.4424514e-02   5.9217618e-02   4.5920520e-02   8.2849238e-02   8.6574119e-02   4.1459353e-03  -1.6654371e-03   1.6218880e-02   9.4587074e-02   8.3014940e-02   3.1392339e-02   6.8028030e-02   5.3762566e-02   3.7384724e-02   4.8312851e-03  -6.1050369e-02   4.3600679e-02   6.7233538e-02   5.8097112e-03   1.0618818e-01   1.1573500e-02   4.3660644e-02   5.1698073e-02   1.3950498e-01  -9.5730813e-03   3.5918184e-02   4.1872637e-02  -1.7123152e-02   3.7107344e-02   1.0987215e-01   4.5953498e-02   4.2634513e-02   8.5862438e-02  -1.1775894e-02  -2.4685971e-03   6.9861598e-03   6.9947141e-02   3.8883301e-02   3.5913977e-02  -1.1554856e-03  -5.3605148e-02   4.7552651e-02   2.4293887e-02   3.6458465e-02   1.5972909e-01   6.5393129e-02   9.0168955e-02   5.2988283e-02  -1.4123169e-02   5.8437606e-02   2.0021224e-01   0.0000000e+00  -1.7810207e-02  -5.8113385e-03   4.4169352e-02  -3.5386437e-03   4.4034549e-02  -6.9609155e-02  -1.0987497e-02   4.8645117e-02  -3.1159288e-02   3.1334526e-03   1.3916689e-01   3.6771471e-02   6.6572781e-04  -6.3892758e-03   2.4047855e-02  -4.8876461e-02  -8.3528591e-03   1.5810579e-02   9.0863261e-02  -5.3207897e-03   1.4207753e-01   5.1604063e-02   1.1114784e-01  -1.6451085e-02   2.0772439e-02  -8.0296496e-02
   8.6043554e-02   7.6214362e-02   2.5553110e-02   4.0064572e-03  -5.2269965e-02   8.4208426e-02  -4.2614853e-03  -9.7777231e-02  -4.5263980e-02  -7.2434833e-02   6.2484700e-02   1.3378178e-01  -9.0571712e-03  -5.9042780e-02  -2.5043951e-02  -1.8739020e-02   2.1783536e-02  -4.7328777e-02  -1.0505517e-01   4.0398482e-02  -3.0064058e-02   1.0104792e-02  -1.3146133e-01  -7.4647949e-03  -1.4063226e-01  -1.6105643e-02  -3.7132582e-02   6.7728086e-02  -2.1446927e-02   1.6315958e-01   3.0037296e-02  -7.8126755e-02  -7.3096041e-02  -5.2430360e-03  -1.4463164e-02  -6.5504537e-02   5.2923892e-02   2.1515768e-01  -1.1402124e-03   4.1927444e-03  -7.7759050e-02  -2.6134784e-02   1.6360962e-01  -3.2617453e-02   4.1480089e-02  -5.7866999e-02  -9.7899163e-04   1.5383961e-03  -1.2111687e-01   6.2722842e-02  -1.4993161e-02  -2.2309231e-02  -2.5212853e-02  -1.4970358e-02  -8.8940328e-02  -1.5831709e-01   4.4812528e-02  -5.4838590e-02   4.0480552e-02  -6.0225240e-02  -1.0674147e-02  -4.8122460e-02  -1.3461562e-01  -3.0310354e-02  -6.5893688e-02   5.2249197e-03   5.7968124e-02  -4.3477766e-02  -2.1676164e-02   8.4468525e-02   2.1595954e-02  -5.7567136e-02  -1.1694861e-01  -1.7810207e-02   0.0000000e+00   1.8394199e-01   2.6651335e-02   6.6884776e-02   1.8177776e-01  -2.9957048e-02  -7.1754367e-02   1.0681591e-01  -9.4398018e-02  -8.0455402e-02  -5.8760650e-02   7.2675901e-02   7.0558451e-02  -7.0098642e-02   5.1813517e-02  -1.0204796e-01  -1.2136464e-01   9.0828984e-02  -8.3965587e-02   7.1728553e-02   7.6337922e-02   2.9357898e-02  -3.3991997e-02  -3.2636177e-02  -4.6900790e-02  -8.6513019e-03
  -2.4506654e-02   5.0107172e-02  -8.9133548e-02   4.8174191e-02  -2.8198794e-02   2.2892312e-02   2.7945685e-02  -4.7422416e-02  -8.9025392e-02   4.4883720e-02   2.6339099e-03   1.8949794e-02   3.6541677e-02  -3.8080898e-02   8.3846761e-02   1.3303040e-02  -5.8065682e-02  -1.2966680e-02  -3.3067631e-02  -5.2336853e-02   6.2541720e-02   3.6011701e-02   1.7608488e-02   6.3754417e-02  -6.3765541e-02   1.8353648e-02  -3.0150884e-02  -3.2171855e-02   1.8305689e-02   4.3794300e-02   5.7654857e-03   5.4721262e-02   1.8523286e-02  -2.1927747e-02  -5.7766567e-02   3.3973613e-02  -1.2664396e-02  -7.0384456e-02   5.6485689e-03  -1.3077163e-02  -5.5140331e-03   1.3052007e-01   2.0071028e-01  -3.4280421e-03  -4.5071574e-03  -1.8297363e-02   2.3161725e-03   3.5609188e-02   1.3972280e-02   1.0160350e-01   1.3364628e-01  -7.2744974e-02  -1.9366198e-02   3.7501560e-02  -2.5240848e-02   1.8459877e-01   7.6007132e-02   1.5824142e-01   8.7007359e-02  -4.8381279e-02   1.9166002e-02  -3.0174696e-02   5.5079957e-02  -1.3386143e-02   4.3042472e-02  -4.8204300e-02   9.5126775e-04   2.4540325e-02   1.3574089e-02  -8.6942830e-03  -2.0210687e-02   6.0899137e-02   5.3372986e-02  -5.8113385e-03   1.8394199e-01   0.0000000e+00  -1.8725802e-02  -3.4492636e-02   4.3639724e-02  -2.5972622e-03   4.4581263e-02  -2.5420440e-02  -3.5417178e-02  -5.6525426e-02  -3.3753260e-02   1.8934143e-02  -5.1459520e-02  -1.7964288e-02   4.8958675e-02  -3.1477410e-02  -2.3356353e-02  -9.0462896e-02   2.8067075e-02   6.0833705e-02  -7.4470655e-02  -6.2798434e-02  -1.0279259e-01   4.2146737e-03   1.8413192e-02  -7.7332869e-02
   5.5455198e-02   3.6231581e-02   5.0757328e-02   2.6123578e-02  -2.0079299e-02   5.6180049e-02  -2.3640505e-03   4.3790224e-02   1.4039447e-02   4.4818322e-03  -2.5898890e-02   7.1856437e-02   1.0674197e-02  -9.2249709e-03   3.6007150e-02  -4.7186096e-02   8.0240212e-02   1.3038821e-02   1.2838083e-01   8.1977692e-02  -4.3503754e-02  -3.2883576e-02  -3.7461602e-02   5.2975309e-02   1.8290069e-02   3.4805453e-02   3.5335385e-02   5.5529298e-02   3.4736390e-02   6.1529354e-02   2.8402916e-02  -1.6065205e-02  -1.4144712e-02  -4.3818905e-02   4.6088488e-02   9.6499492e-02   4.0909355e-02  -6.0906723e-02   6.4892340e-02   9.1573543e-03   2.7964282e-02   4.7155822e-02   2.8016151e-03   5.3706087e-02   4.6808796e-02   6.5524524e-02  -1.9528765e-02   1.3274049e-01  -4.0407076e-03   4.5046418e-02  -4.6585002e-03   2.2995040e-02   5.8729739e-02  -8.5682780e-03  -2.9098429e-02  -8.5782830e-05   9.0771755e-03   6.2068936e-02   4.7571701e-02   1.0488885e-02   3.6709106e-03  -1.8693615e-02  -9.6022936e-03  -2.7248667e-02   2.0892838e-02   8.8719525e-02   4.0703615e-02   1.1233922e-01   2.1313693e-02   9.8423733e-02  -1.5323749e-02   6.7619661e-02   7.6559431e-02   4.4169352e-02   2.6651335e-02  -1.8725802e-02   0.0000000e+00  -2.3145935e-02   5.5921509e-02  -2.6425824e-02   6.6406990e-02  -4.5490160e-04   2.8557201e-02   1.5337688e-02   5.7474805e-02   5.5047892e-02  -5.8672576e-02   5.2919835e-02   8.3668166e-02   1.0541131e-01  -2.3398418e-02  -5.6414034e-03   8.4210903e-02  -1.8686581e-02  -2.0032748e-02  -4.4252207e-02   3.3014873e-02  -3.8409478e-03   4.4958394e-03   1.9282563e-02
  -4.7426674e-02  -2.5973380e-02   4.5901131e-02  -6.5096780e-02   3.0670883e-02  -7.7745921e-04   1.9407252e-02  -1.7287113e-02   2.8293908e-03  -1.3241123e-02   1.1230163e-01  -9.0983655e-03   2.5477082e-02  -4.2267964e-02  -3.3990431e-02  -9.8435390e-03  -8.0931105e-02  -5.5406089e-02  -6.6748600e-02   2.3893145e-02  -1.0593839e-01  -8.2609273e-02  -5.9990006e-02   4.2835379e-02   3.3519621e-02   2.7685916e-02   3.7948572e-02   4.7486539e-02  -3.3603209e-02   1.1013336e-01   3.9364824e-02  -4.0443341e-03   1.7720320e-02  -5.6332976e-02  -3.0338100e-02  -7.5769883e-02   2.4665962e-02   9.6537479e-03  -2.4016057e-02  -4.9877620e-02  -2.2318502e-02   8.0779038e-02   6.7279894e-02  -3.2248338e-02   1.5053059e-02   4.4405622e-02  -6.0968060e-03  -4.0834333e-02   4.6491219e-02  -9.7508338e-03  -4.4719464e-02   5.2655723e-02   4.5372539e-03  -1.4465397e-02   6.0087844e-02  -6.7028334e-02  -9.4499097e-02  -5.1308793e-02   6.3643136e-02   2.3285637e-02  -6.3011181e-02  -6.1000211e-02  -1.5077662e-01  -3.5396829e-04  -4.2243816e-02  -2.1046772e-02   1.3014446e-01  -3.7794076e-02   7.0634351e-02   4.2968229e-02   4.1303989e-02  -1.3461924e-02   9.1288433e-03  -3.5386437e-03   6.6884776e-02  -3.4492636e-02  -2.3145935e-02   0.0000000e+00  -1.5265461e-02  -4.1542099e-02  -1.3350581e-02   7.5877886e-03  -4.8438317e-02  -8.8261880e-02  -6.7015172e-03   4.1262814e-02   1.1401364e-01   8.3035208e-04  -3.1439279e-03   1.0483647e-03  -1.1391023e-01   6.7596391e-02  -5.0630038e-02   2.8387620e-02   3.0709189e-01   1.2852248e-02   3.1216903e-02  -2.7564756e-03  -5.1715059e-02  -7.1692586e-02
   3.8499727e-02   3.7065795e-02   4.7386628e-02   2.3776744e-02  -2.9888878e-02   3.3504357e-02  -6.9131768e-02  -4.5135033e-02   5.1788864e-02  -3.1742519e-02   5.7683552e-02   7.5629086e-02  -2.6124816e-02   1.0522157e-02   5.9525308e-02  -4.8727962e-02   1.6592300e-02   3.7079717e-02  -1.6722070e-02   4.8616609e-02  -4.2019174e-02   8.2905381e-02   5.7906609e-03   3.0638988e-02  -3.2617477e-02  -1.0210320e-01   2.9687577e-02  -2.2302290e-02  -6.9805983e-03   9.0574475e-02   1.1971895e-01  -5.4342485e-02   3.4515925e-02  -3.1393929e-02  -7.3428018e-02   4.4637264e-03  -1.2365189e-02   3.9547256e-02   3.4611858e-02   2.1918419e-02  -5.5183716e-02  -3.4430889e-02   1.0339297e-01  -2.1791048e-02   5.6236208e-02  -1.1755462e-02  -1.0565921e-02   3.1436338e-02  -4.8422941e-02   8.8124657e-03   2.7909779e-02  -2.2787011e-02   1.7913100e-02  -1.7373062e-02  -2.1842740e-02  -2.1950472e-02  -1.1852392e-03  -3.0094206e-02   2.8584588e-02  -3.2495616e-02   5.0786596e-02  -6.8624749e-02  -3.3305397e-02   2.5001280e-02  -2.5848840e-02  -4.4394611e-02  -2.6283989e-02  -1.9292628e-02  -4.1083161e-02   9.7411396e-02  -4.5714972e-02  -4.8703882e-02  -7.8222749e-02   4.4034549e-02   1.8177776e-01   4.3639724e-02   5.5921509e-02  -1.5265461e-02   0.0000000e+00   3.6781797e-02  -4.6931846e-02  -2.1623954e-02  -2.9937109e-02  -8.7966004e-03  -5.0445412e-03   1.9984027e-02   8.5594133e-02  -1.9992254e-02   6.5477091e-02   1.1705015e-02  -5.7306527e-02   3.2831282e-02  -6.5134366e-02   8.8513911e-02  -7.6584851e-03   5.0787997e-02   1.8170201e-02  -6.5060022e-03  -1.2361373e-02  -5.3662985e-02
  -1.8835001e-02   1.2367290e-02   1.3558987e-02  -1.0716710e-01   1.0446520e-01  -3.2909442e-02   5.2292524e-02  -6.4183213e-02   8.6470019e-02   1.4665290e-02  -1.3230204e-02  -1.4254272e-02  -1.9144447e-03  -7.8795312e-02   1.2058546e-01   3.2050875e-02  -5.6534677e-03  -1.0197016e-03  -2.5054201e-02  -7.0060997e-03   7.8338630e-02  -1.2033930e-02   9.5991268e-02  -6.3148252e-02  -2.4676636e-02  -1.7711312e-02   5.8250767e-02  -2.5980878e-02  -7.0144830e-03  -1.2085350e-02  -8.7141776e-02   4.0928965e-02   2.9532470e-03  -4.1751898e-02   2.0532541e-02  -5.5027913e-02  -7.6648616e-03   1.0273545e-01  -2.7334933e-02  -3.8775276e-02   2.7133095e-02  -5.0299282e-02  -4.9094296e-02  -1.2025385e-02  -4.2334999e-03  -4.2141476e-02  -2.8055035e-02  -3.3866908e-02   1.0559477e-02  -8.8537193e-04   1.9570686e-02  -3.9061116e-02  -9.3408428e-03  -5.1153542e-02   1.6611608e-02  -3.3861348e-02   8.3884083e-02   2.7352176e-02  -5.9815544e-02  -1.1580607e-01  -5.2050843e-02  -2.7518675e-02  -2.9446955e-02   4.6855340e-02  -1.1833330e-02  -7.0257210e-02  -4.4496320e-02  -1.6873227e-02  -1.8008668e-02  -6.5130974e-02  -2.4498669e-02   1.3289531e-03  -4.0874570e-02  -6.9609155e-02  -2.9957048e-02  -2.5972622e-03  -2.6425824e-02  -4.1542099e-02   3.6781797e-02   0.0000000e+00  -6.3655451e-02  -6.4745726e-02  -2.7639224e-02  -1.4075236e-02  -1.1459250e-02  -8.7567430e-02   2.4143120e-02   8.4097344e-02  -2.0936927e-02  -7.8636283e-02   8.2148630e-03   1.3798761e-03   1.5478107e-02  -3.0153584e-03   4.3090424e-04   2.4006964e-02  -9.1362163e-02  -1.6013222e-02  -1.0392265e-02  -6.3108060e-02
  -6.9622473e-02   3.4364899e-02  -3.8824729e-02  -2.3317286e-02  -5.8719840e-02  -4.9344469e-02   2.1458348e-03   4.0765655e-02  -2.7999016e-02   6.8694152e-02  -8.7306616e-02   3.4662943e-03   5.7690786e-03   7.6885161e-02  -7.3745748e-03  -3.7611230e-02   1.9575606e-02  -9.8057969e-03   1.0866724e-01   2.0337987e-02   4.7804573e-03  -2.2469138e-02   4.2937894e-02   6.6952282e-02   2.0867368e-02   5.5096005e-02  -1.2560046e-02   1.8944746e-02   4.1436155e-02  -2.3909066e-02   6.0083188e-02  -1.0723478e-02   3.7762647e-02  -4.3052793e-02   1.1081225e-02   8.4039931e-02   1.5001506e-02  -5.6246884e-02   8.0085565e-03   3.1971086e-02   2.0093434e-02   2.2458311e-02   4.5435014e-02   4.6456843e-02   9.9244635e-02   4.1397994e-02  -3.0055906e-03   7.7549815e-03   4.9766744e-02   9.1512280e-02   4.6715848e-02   2.0458640e-02   4.8228467e-02  -1.4074927e-02   3.4344728e-02   4.6639157e-02  -3.6161760e-03   6.4793610e-02   1.2042688e-01   1.6333050e-01   2.6749360e-02   3.1689338e-02   5.8580724e-02  -1.7441799e-02   1.0541062e-01  -1.0841413e-02  -8.8620243e-03   5.4803936e-02  -4.1104290e-02   5.5950258e-02  -1.8760027e-02   1.7235254e-02   2.0346801e-01  -1.0987497e-02  -7.1754367e-02   4.4581263e-02   6.6406990e-02  -1.3350581e-02  -4.6931846e-02  -6.3655451e-02   0.0000000e+00  -1.8955822e-02   9.4688524e-02   5.1664842e-02   2.0768272e-02   1.8965627e-02  -4.6997451e-02   6.6457335e-02   8.2003509e-02   8.1103623e-02   4.7134860e-02  -5.7985033e-02   1.9832726e-01  -7.6778674e-02  -2.3715598e-03  -2.6663766e-02  -8.1048313e-03   3.4492570e-04   3.2223326e-02  -2.3732628e-03
   1.2830156e-01  -5.9553338e-02   7.1880544e-02   2.8403876e-03   7.1272219e-03  -3.6709859e-03   6.3492810e-02   7.4417262e-02  -7.4688268e-02   4.6049075e-02  -2.8561662e-02   2.9879161e-03  -4.9968002e-02   6.6651556e-02  -4.5372352e-02   1.0993646e-01   5.4294440e-02  -5.4525750e-02   6.8282302e-03   7.1124300e-03  -6.9703308e-02  -1.3477595e-02  -2.7429903e-02  -8.9816903e-03  -8.0482911e-02  -2.0593782e-02  -1.7956833e-03  -4.9808132e-02  -3.0222606e-02   1.3639097e-02  -4.7338361e-02  -9.8127270e-02  -2.0937344e-02   1.1407740e-01   7.4407711e-02   1.1100821e-01   3.6936027e-02   3.3818496e-02   6.3910592e-02   1.4989054e-03   1.0137110e-02  -8.4487594e-02   4.6528872e-02   5.5167044e-02   1.2991405e-01   7.6460790e-02  -4.1676615e-03   1.8797405e-02  -6.1545818e-02   3.7984940e-02  -2.1066247e-02  -1.9402388e-02   4.8519984e-02  -7.2603004e-02   2.8769303e-02   4.4378449e-02   6.8733827e-02   2.2590067e-02  -7.7666265e-02   5.7589422e-02   5.0456241e-02   1.9438936e-01  -9.4588415e-02  -7.9575579e-02   1.2788089e-02   1.2726604e-01   4.6627498e-02  -8.2775538e-03   3.0195734e-02  -2.3389761e-02  -9.7840853e-02   9.1665259e-02   5.5182918e-02   4.8645117e-02   1.0681591e-01  -2.5420440e-02  -4.5490160e-04   7.5877886e-03  -2.1623954e-02  -6.4745726e-02  -1.8955822e-02   0.0000000e+00  -9.6434898e-02  -7.9283008e-03  -5.7555171e-02   6.5146817e-02  -6.5447922e-02  -2.5084644e-02   2.9445143e-02  -8.4364890e-03  -5.8795199e-02  -7.4408278e-03  -5.3147514e-02  -3.2235707e-03  -4.6174245e-03  -3.4018565e-02   8.7910249e-02   7.2737760e-02   1.4012350e-01   4.9968399e-02
  -4.0606850e-02   3.4594682e-02  -3.0962373e-02  -3.3881752e-02  -4.6380315e-02  -4.4106414e-02   1.8704439e-02   3.3538271e-02   2.1794411e-02   9.1703477e-02  -2.1448348e-02  -2.8904820e-05  -5.2860799e-02   1.9021219e-02  -4.4307000e-02  -3.6901289e-02   3.6076082e-03   2.2016716e-02  -1.7083458e-02   3.5999224e-02   2.0424458e-02  -4.6905632e-02   8.2400557e-02   1.9308796e-03   1.0483533e-01   6.7370398e-02   6.1984678e-02  -1.3967476e-02   6.2577371e-02  -1.9235460e-02   5.1600800e-03   1.0353848e-01  -1.2115362e-02  -4.7774256e-02  -3.8412174e-02  -4.2273475e-02  -6.1335147e-03  -5.7895767e-02  -4.3903243e-02   1.8187279e-02  -4.3131579e-02  -2.9890464e-02   3.8354626e-02  -2.4334727e-02  -8.1395088e-02   2.5069772e-03   7.2012942e-02   1.7409741e-02   6.6943522e-02   7.1580771e-03   1.2418623e-01   2.8162750e-02  -5.8362656e-02   1.6877521e-02  -1.7780981e-02   5.0829010e-03  -5.8462672e-02  -3.8720387e-02   3.8863635e-02   4.1830614e-02  -2.3721922e-02  -1.4872014e-02   4.2795987e-02   6.2466292e-02  -1.8568871e-03   1.2978003e-02   1.5773316e-02  -6.2550320e-04  -5.4253585e-02  -4.7054043e-03   5.5256011e-04  -5.3041662e-02   2.3577655e-02  -3.1159288e-02  -9.4398018e-02  -3.5417178e-02   2.8557201e-02  -4.8438317e-02  -2.9937109e-02  -2.7639224e-02   9.4688524e-02  -9.6434898e-02   0.0000000e+00   6.9784479e-02   2.7511175e-02  -4.9627148e-02  -9.5505847e-03   7.2210183e-02  -7.6591150e-02   9.1820181e-02   9.4725356e-02   1.0971181e-02   9.3038809e-02  -5.8132653e-02  -8.3721300e-02  -9.9045863e-02  -2.4868965e-02  -3.0083543e-02  -7.9577906e-02   7.0312764e-02
  -7.1018032e-02  -2.4241229e-02  -1.0560440e-01   2.3742081e-01  -4.8872459e-02  -1.2403545e-01  -3.5334596e-02   1.7664427e-01  -2.3263410e-02   7.8604480e-02  -2.2529607e-02  -7.6393276e-02   7.9647091e-02  -1.4785896e-02  -5.5023647e-02   1.4463250e-01   4.1031327e-03   4.0049610e-02   2.7940492e-02   1.7762192e-02  -2.5933202e-02  -5.5482414e-02   8.5289236e-03  -1.9738223e-02  -1.2782318e-02  -1.3726239e-02  -3.8481507e-02  -9.9592936e-03  -3.8147994e-02  -5.2171788e-02  -9.1555784e-02  -7.4815035e-02   8.9125150e-02  -7.1216836e-02   3.1088997e-02   9.5113802e-02  -4.6321735e-02  -5.2151170e-02   3.9414324e-02   9.4035602e-02   6.0755805e-02  -5.2430604e-02  -6.0221198e-02   3.3867694e-02  -6.2355983e-02  -4.3979248e-02  -5.4951020e-02   5.8844466e-03   4.2032985e-02   1.8367007e-02  -2.9312817e-03  -2.8132547e-02   5.6591460e-02   6.1962913e-02   1.1584293e-01   8.2420067e-02  -1.1993375e-01   9.3911887e-02   2.3613789e-02   2.0324191e-01  -1.0207775e-02  -1.0730286e-02   8.1885301e-02  -3.8339718e-02   1.1599088e-02   3.8327680e-02  -3.1769095e-02   1.5133774e-01   1.2163102e-01  -6.2858062e-02   1.2271076e-01  -4.7700510e-03   1.4872032e-01   3.1334526e-03  -8.0455402e-02  -5.6525426e-02   1.5337688e-02  -8.8261880e-02  -8.7966004e-03  -1.4075236e-02   5.1664842e-02  -7.9283008e-03   6.9784479e-02   0.0000000e+00   9.2411448e-02  -3.3612334e-02  -4.5336214e-02   4.1178185e-02  -4.7629372e-02   7.3242127e-02  -1.7751082e-02   9.5223084e-04   6.5802416e-02  -1.0181571e-01  -8.4552458e-02  -9.9287783e-02  -3.4940465e-02   7.5156686e-02   1.3535850e-01  -9.0478485e-02
   1.8393755e-02   3.0220589e-02   1.4356636e-02  -4.5183438e-03   5.1528242e-03  -1.3896629e-01   2.3313641e-02   9.5518582e-02   1.2792825e-01  -2.3900174e-02   4.4757906e-03  -2.2786596e-02  -5.5090553e-02   2.0038163e-02  -1.4914161e-02   4.2280011e-02  -4.4298096e-02   7.9983162e-02  -1.4136934e-02  -1.0725606e-03   7.0513491e-02  -2.2833242e-02   5.3402899e-02   6.1839068e-02   3.4654950e-02   3.7841775e-02   2.3261799e-02  -1.4074541e-02  -3.0584109e-02  -2.3099218e-02   8.4630547e-02   3.7973200e-04   1.1092327e-01  -8.1838158e-02   5.2515024e-02  -2.3014136e-02  -1.1723431e-02  -1.5135440e-02   8.7606937e-02   1.5850834e-01   8.6934387e-02   4.8281363e-02  -3.3001432e-02   5.7245195e-02  -5.0785745e-02   8.9731891e-02  -3.7354721e-04   2.4349813e-02   1.1832778e-01   1.4037140e-01   8.9414096e-02   4.2183838e-02   1.1563805e-01   5.5604201e-02   1.1032916e-01   5.8943278e-02  -5.9416127e-02   2.5943100e-02   7.4426433e-02   2.3694862e-03  -1.6167850e-02   9.0696776e-03  -8.2373993e-02   7.8258205e-02   8.7778888e-03   7.3919094e-03   1.4688705e-02   1.0681669e-01   7.1619817e-02  -3.1335111e-02   2.5362321e-02  -8.7856093e-04   1.1083253e-01   1.3916689e-01  -5.8760650e-02  -3.3753260e-02   5.7474805e-02  -6.7015172e-03  -5.0445412e-03  -1.1459250e-02   2.0768272e-02  -5.7555171e-02   2.7511175e-02   9.2411448e-02   0.0000000e+00  -3.4726972e-02   4.1594954e-02   1.2064743e-01   2.5147762e-02  -7.8063645e-03   4.8279664e-02   2.8687753e-02   1.2519105e-01  -6.4173968e-02   3.1727699e-02  -8.2354968e-02   4.4469147e-02  -7.3537257e-02   1.1568751e-01  -1.0553453e-01
   1.1286038e-01   3.3236329e-02  -1.3700253e-03  -6.0926140e-03  -4.1346652e-03   1.8697256e-01   1.2699776e-02   3.8471868e-02  -3.3619947e-02  -2.4471853e-02   8.4461214e-03   4.6147388e-03   7.3984541e-02   7.8682689e-02   9.3318173e-03   4.3706024e-02   3.0284557e-02  -8.7858046e-03   1.9378668e-02   7.4955130e-02  -6.9176328e-02   6.2009182e-02  -3.7360285e-02   2.6142770e-02   1.7673909e-02  -5.5855971e-02   3.7130098e-02   2.0193402e-02  -2.1846941e-02   3.7441720e-02   1.0318430e-02   5.4238706e-03  -2.5940727e-02   8.4958260e-02   1.6712179e-02   5.1449242e-02  -9.6831794e-03   1.9949808e-02   4.2775486e-02   2.1373779e-02  -9.7859924e-03  -1.2911766e-02  -2.8468490e-02   2.8643351e-02   1.2048160e-01   2.3326679e-02   1.0024746e-02   2.3873999e-02  -4.3969933e-02  -3.3200177e-02  -4.8674952e-02  -1.1988865e-02  -3.4785839e-03   1.6134144e-02  -2.0697431e-02   2.1495187e-02   9.8262735e-02  -1.7710125e-02   2.8154304e-02  -3.6817326e-02   1.0506844e-02   3.9183486e-02  -5.7827580e-02  -4.2682251e-03  -5.6334475e-02   1.6663845e-03   5.8713417e-02   2.5189123e-03  -1.1849146e-02   4.7864766e-02  -8.3058014e-02   2.6864039e-02  -3.1102010e-02   3.6771471e-02   7.2675901e-02   1.8934143e-02   5.5047892e-02   4.1262814e-02   1.9984027e-02  -8.7567430e-02   1.8965627e-02   6.5146817e-02  -4.9627148e-02  -3.3612334e-02  -3.4726972e-02   0.0000000e+00   2.2793074e-02  -9.0433413e-02   6.5871420e-02  -1.9247113e-03  -1.3872840e-02   8.5504263e-02  -1.3284953e-02   4.7088344e-02   6.8823641e-03   7.9054213e-02   4.3108119e-02   5.1340866e-02  -4.8144952e-02  -1.0502622e-02
   9.8086313e-03   3.7479839e-03   3.3369290e-02  -2.1720332e-02   5.9967859e-02  -4.5162394e-02  -5.3984260e-02  -9.8398595e-02   1.2118892e-01  -7.3398508e-02   1.6901529e-01   4.5268861e-02   5.5387622e-03   4.1203369e-03   1.7732049e-02  -3.7042051e-02  -7.3653402e-03   1.6160505e-02  -5.1288280e-02   8.9271068e-03   3.9828523e-02  -3.2504196e-02   2.0460508e-02   7.3986036e-02   1.2370787e-01   6.1275400e-02   4.5199681e-02   2.6573053e-02   5.0441443e-02   8.1993614e-02   1.7741225e-01   1.1771039e-01   3.0649104e-02  -4.6279787e-02  -2.4512836e-02  -9.8776619e-03  -1.8420171e-02   8.4539484e-02  -4.9721417e-02   2.4991201e-02  -2.4577748e-02  -3.4799227e-02  -6.3483321e-02  -6.5068337e-02   2.4293423e-02   2.4758136e-02   1.3859750e-02   6.3811513e-03   5.8852928e-02  -2.3871854e-02  -1.5916928e-03  -2.7371741e-02  -2.5988568e-02   3.3905564e-02  -4.2951026e-02  -6.0363931e-02   6.0777291e-02  -1.1091949e-01   3.5626149e-02  -8.6159539e-02  -1.4912176e-02  -6.7606784e-02  -9.2798187e-02   5.6607246e-02  -7.1952901e-03  -8.2069475e-02   9.2283720e-03  -5.3560287e-02  -2.2759001e-02   1.2678177e-02   1.8739244e-01  -1.2838395e-01   4.9544596e-03   6.6572781e-04   7.0558451e-02  -5.1459520e-02  -5.8672576e-02   1.1401364e-01   8.5594133e-02   2.4143120e-02  -4.6997451e-02  -6.5447922e-02  -9.5505847e-03  -4.5336214e-02   4.1594954e-02   2.2793074e-02   0.0000000e+00  -6.6053540e-02   5.6211225e-03  -3.1508897e-02  -4.5431844e-02   1.0522980e-01  -1.6729104e-02  -6.0015923e-03  -1.1978372e-03  -1.1405418e-03   6.7048003e-02  -1.0513336e-01  -6.2782404e-02  -7.7187192e-02
   6.9175855e-02  -9.0896347e-02   9.2094218e-02   3.8254570e-02   4.1631729e-02  -8.9712506e-02   8.1892997e-02   5.9099195e-02   2.3126573e-02  -2.9909946e-02   4.8592665e-02   5.7579192e-03  -2.8067543e-02   2.8384770e-02  -3.0917369e-03  -2.0115257e-02  -4.7338321e-03   6.8628973e-02   8.5331902e-02  -1.6494869e-02  -5.2896566e-02   1.0562272e-03   1.1308082e-01  -5.6364643e-02  -8.1899144e-02  -1.5916575e-02   4.5552846e-02  -2.3518552e-02  -4.0148050e-02  -5.5196831e-02  -2.8788141e-04   7.6625035e-02   9.3259634e-02  -1.3167017e-01   2.8053731e-02  -9.4859046e-02   8.2699433e-03   1.0401858e-01   3.0391266e-02   2.0106410e-02   8.0628104e-02  -6.3937476e-02   6.7252156e-02  -5.0942993e-02  -5.9049974e-02   9.0695434e-03  -3.6347409e-02   6.3437194e-02   1.1267745e-01   4.9585330e-03   8.9571615e-02  -7.2044262e-02   7.8444407e-02  -5.0692623e-02   2.3253776e-02   5.1960198e-02  -4.8460892e-02   9.0748654e-03   1.9975266e-02   1.4976783e-01  -8.1849210e-03  -5.7639809e-02  -3.3239802e-02   1.6821046e-01   6.8369463e-02  -4.9997614e-02  -7.4551956e-02   7.8566874e-02  -6.1786234e-03  -1.3197600e-04  -1.3929715e-01   4.2834192e-02   1.4047080e-01  -6.3892758e-03  -7.0098642e-02  -1.7964288e-02   5.2919835e-02   8.3035208e-04  -1.9992254e-02   8.4097344e-02   6.6457335e-02  -2.5084644e-02   7.2210183e-02   4.1178185e-02   1.2064743e-01  -9.0433413e-02  -6.6053540e-02   0.0000000e+00  -8.5414294e-02   2.9851599e-02   1.5341297e-01   2.9437132e-02   1.5338683e-02  -6.7640321e-02   3.7582531e-02  -7.5934172e-02  -2.6663272e-02  -4.5992125e-02   7.4444620e-02  -1.0792927e-01
   6.0429305e-02   4.3479413e-02   2.6842797e-02   3.7690156e-02  -1.5877547e-02   1.0555589e-01  -7.1214804e-02   5.0092705e-02  -2.0410197e-02   4.3426022e-02  -1.4054165e-02   1.6661107e-02   1.0692988e-02   3.8389349e-02   9.8780745e-02   1.7993109e-02   1.0174400e-01   5.3335207e-02   7.1829131e-03   7.1470342e-02  -8.5072606e-02   7.5187757e-02  -4.0735577e-02   7.3261270e-02   5.8955668e-03  -3.2106506e-02   3.0944018e-02   1.0632451e-02   5.9505988e-02   8.0173532e-02  -7.8931680e-03  -2.6137226e-02   1.7924660e-02   5.6357746e-02   2.8942560e-02   1.0177209e-01  -2.6724122e-02  -3.2566037e-02   8.9495475e-02  -8.3164853e-02   4.1357962e-02   5.7578555e-02   6.0244633e-02   8.3975962e-02   1.1522560e-01   1.4615297e-02  -5.4608277e-02   5.2391930e-02  -2.3095152e-02   1.7798246e-03  -2.1628292e-02  -5.9841957e-02   8.7002444e-02   1.8386046e-02  -4.0942351e-03  -2.2328776e-02   6.6900815e-03   9.5230325e-02   1.6151046e-03  -1.0357048e-02   3.4379511e-02  -2.1648061e-02  -1.3678698e-01  -3.3287016e-03   5.6281974e-02  -2.1331238e-02   1.4958909e-02  -1.1910190e-02  -3.0091344e-02   1.0248399e-01  -3.3740182e-02   9.8746560e-02   1.9471402e-02   2.4047855e-02   5.1813517e-02   4.8958675e-02   8.3668166e-02  -3.1439279e-03   6.5477091e-02  -2.0936927e-02   8.2003509e-02   2.9445143e-02  -7.6591150e-02  -4.7629372e-02   2.5147762e-02   6.5871420e-02   5.6211225e-03  -8.5414294e-02   0.0000000e+00  -1.5303865e-02  -2.8407186e-02   3.2634342e-02   5.6289389e-03   5.4420551e-02  -2.9867646e-03  -1.4914519e-04   1.8421157e-02   6.7763133e-02   2.7892151e-03  -5.4758169e-02
  -3.3913629e-02  -3.3412204e-02  -6.6086874e-02  -2.1686355e-02   1.0305254e-02   1.8154054e-02   3.3199203e-02   1.0995382e-01   2.8249960e-02   1.1988035e-01   3.1563185e-02   2.2691313e-03   6.3052497e-02  -1.1499261e-02  -2.0075415e-02  -4.3118590e-03  -1.7850462e-03  -5.5053580e-03   6.6964870e-02   1.1190378e-01   1.2856220e-02  -5.7292612e-02   8.1729499e-02   1.2174802e-01   9.0819809e-02   6.4362527e-02   4.0247819e-02   7.7726836e-02   9.1575095e-02   7.3223828e-02  -5.1772772e-02   1.2792273e-02   9.3680833e-03  -7.5747270e-02   3.7672196e-02   6.6337683e-02  -1.7494354e-02  -1.2215798e-01  -1.8442464e-02   3.0004729e-02   6.3881785e-02   6.8937783e-02  -2.5892746e-02   4.5735731e-02  -1.1355332e-02   6.3903327e-02   4.6626838e-02   5.3951614e-03   8.8567445e-02   1.0455226e-01  -6.1920655e-02  -1.2727243e-02  -1.4999867e-02  -1.6695644e-02   5.5555430e-02   1.5966599e-02  -7.3262994e-02  -4.4170736e-02   1.1676092e-01   2.0328099e-02   3.6122295e-02   4.1190436e-02  -3.8521243e-03   2.1227954e-03  -1.9236515e-02   1.6378429e-02  -1.0572731e-02   2.7844956e-02   9.2481528e-03   6.6717158e-02   8.2629776e-02   2.6129285e-02   1.6635294e-01  -4.8876461e-02  -1.0204796e-01  -3.1477410e-02   1.0541131e-01   1.0483647e-03   1.1705015e-02  -7.8636283e-02   8.1103623e-02  -8.4364890e-03   9.1820181e-02   7.3242127e-02  -7.8063645e-03  -1.9247113e-03  -3.1508897e-02   2.9851599e-02  -1.5303865e-02   0.0000000e+00   3.2396263e-02   5.4478413e-02   1.3789127e-01  -2.7073627e-02  -4.3791883e-02   1.6657652e-02   3.1495520e-02   7.5842638e-02   1.3187895e-02   1.1818962e-01
  -4.5173269e-02  -3.7695451e-02  -1.4114076e-02  -1.4126295e-01   1.2408054e-01  -5.5553657e-02   1.0670880e-01   5.2218576e-02   2.7793330e-02   1.1710418e-02  -1.8170627e-02   2.2644636e-02  -3.7706857e-02  -2.0520640e-02  -1.4602560e-02  -6.8728240e-03   1.1131636e-02   9.6843819e-02   1.3744121e-02  -5.7726021e-03  -2.4479285e-02   1.0852030e-02   2.5965499e-02  -3.9306719e-02   1.0885786e-01   8.3928489e-02   5.6499634e-02   1.1429970e-02   3.8352261e-02   1.3424667e-02  -3.6685516e-02   8.3129978e-02  -7.8039990e-02  -1.2015831e-01  -1.3465586e-02  -4.5918516e-03  -3.3562737e-02   6.8557262e-02  -5.2365553e-02  -5.1030440e-02  -6.3441393e-04  -4.3905935e-02  -5.7305286e-02  -1.6623811e-02   3.7475392e-02  -2.2424660e-02   1.0543774e-01  -3.4051117e-02   3.6445522e-02  -4.2541041e-02   1.0444181e-01  -4.9153867e-04  -1.2745266e-02  -1.4016357e-02   1.9273861e-02  -5.2021311e-02   4.9730649e-02   5.5877155e-03   6.8169832e-03  -1.7494144e-02   4.5820447e-04  -8.4943241e-02   2.7127280e-02   1.6826554e-01   7.0431428e-02  -1.3988366e-02  -1.0300682e-01   4.5046031e-02   4.5225490e-03  -3.8363489e-02  -7.1044307e-02   3.4318241e-02  -2.2337166e-02  -8.3528591e-03  -1.2136464e-01  -2.3356353e-02  -2.3398418e-02  -1.1391023e-01  -5.7306527e-02   8.2148630e-03   4.7134860e-02  -5.8795199e-02   9.4725356e-02  -1.7751082e-02   4.8279664e-02  -1.3872840e-02  -4.5431844e-02   1.5341297e-01  -2.8407186e-02   3.2396263e-02   0.0000000e+00   5.4181648e-06   1.1826859e-01  -4.0172136e-02  -2.0228512e-02  -2.3838460e-02  -2.7097657e-02   2.8047110e-02   1.8846099e-03   2.7025055e-02
   1.0501749e-01   2.0496453e-02   7.6370400e-02  -7.7326097e-02   4.8001425e-02   2.2112961e-02   1.7081834e-02   1.5335113e-02  -1.1121048e-03  -5.4070548e-02   1.0219011e-01   2.3992741e-02  -1.1497635e-02  -2.0766928e-02  -1.4997572e-02  -1.4107068e-02   6.3218317e-02  -5.2261586e-03  -9.4356554e-03   1.0190176e-01  -1.1167493e-01   2.4612655e-02   4.5650139e-02   1.1624586e-01   3.1251070e-02   7.8026889e-03   8.3731636e-03   6.1564993e-02   2.5424953e-02   6.9936337e-02   2.7889804e-02   5.4795641e-02   6.3754424e-03   6.3865426e-02   5.7949292e-03  -3.9165588e-02   8.1706405e-03   9.2245855e-02  -1.5316567e-02   1.7832360e-02  -2.6882307e-02   2.4057974e-03   1.1007316e-02   1.1220337e-02   4.5231190e-02   9.1338710e-02   8.7718266e-02   1.0722638e-02   1.0504094e-02  -9.1949009e-03  -4.9933884e-02   2.6090198e-02   3.9309182e-03  -1.4887116e-02   2.4634910e-03  -2.8019050e-02   2.5271336e-02  -4.5032822e-02   1.3082545e-02  -1.3975075e-02  -7.3129193e-03  -3.6635602e-02  -1.0025920e-01   3.2407823e-02  -2.8808672e-02  -3.3721610e-02   6.3980210e-02   1.6040993e-03   3.7714341e-03   8.6795159e-02  -6.1276430e-02  -3.2392763e-02  -1.4197763e-02   1.5810579e-02   9.0828984e-02  -9.0462896e-02  -5.6414034e-03   6.7596391e-02   3.2831282e-02   1.3798761e-03  -5.7985033e-02  -7.4408278e-03   1.0971181e-02   9.5223084e-04   2.8687753e-02   8.5504263e-02   1.0522980e-01   2.9437132e-02   3.2634342e-02   5.4478413e-02   5.4181648e-06   0.0000000e+00   2.1620093e-02   1.1413821e-02   9.3432395e-02   1.0387470e-01   5.6389540e-02  -5.5283256e-04  -5.5754401e-02   1.5764236e-02
  -3.4066346e-02   2.4277241e-02  -5.7988744e-02  -2.2188257e-02  -2.0610061e-02  -5.3662424e-02   6.4306235e-02   5.0261479e-02   3.6004097e-02   4.2500503e-02  -1.1553790e-01  -1.4764325e-02   2.4388349e-02  -3.5606333e-02  -3.2905386e-02  -4.4083170e-02   2.2488463e-02   7.1647055e-02   8.1875898e-02   5.5459089e-02   1.1804576e-01   1.6468119e-02   3.7253882e-02   6.7139318e-02   9.5373313e-02   1.5238589e-01   4.1803578e-02   8.6984005e-03   4.2898266e-02   2.0126639e-02   1.4546421e-01   1.0542039e-01   2.7932224e-03  -1.0860467e-01   2.2605415e-02  -3.6571267e-02  -4.6664032e-02  -1.1134704e-01  -2.5826757e-02   1.7434358e-02   1.0411537e-01   8.3333305e-02  -1.6202663e-01   5.4121721e-02  -2.7716767e-02   3.5052923e-02   6.8784960e-02   4.2001670e-04   7.0819371e-02  -1.3604756e-02   1.2417930e-01   3.0017763e-02   6.3469460e-02   1.0303968e-01   1.0062883e-01  -3.4851605e-02  -6.4109086e-03   1.0734499e-02   7.6643247e-02   2.2525741e-02  -3.4108475e-02  -3.7856685e-02   1.5756438e-01  -5.9727964e-02   6.0553110e-02  -3.2651520e-02  -9.6981103e-03   1.7277789e-02  -2.9280651e-02   1.6105127e-02   7.8134473e-02  -8.7604458e-02   9.2060039e-02   9.0863261e-02  -8.3965587e-02   2.8067075e-02   8.4210903e-02  -5.0630038e-02  -6.5134366e-02   1.5478107e-02   1.9832726e-01  -5.3147514e-02   9.3038809e-02   6.5802416e-02   1.2519105e-01  -1.3284953e-02  -1.6729104e-02   1.5338683e-02   5.6289389e-03   1.3789127e-01   1.1826859e-01   2.1620093e-02   0.0000000e+00  -6.0585074e-02  -1.1457002e-01  -9.0101495e-02   4.3583514e-02  -7.1252256e-03   1.9909944e-02   3.4889908e-02
   1.7785143e-02   8.4532199e-03   5.9078735e-02   8.8485429e-02  -2.9975691e-02   1.4510132e-01  -1.0102229e-03  -8.7215568e-02  -4.2042502e-02  -3.7019219e-02   8.6301298e-02   3.8061194e-02   7.8752004e-02  -1.4054033e-02   1.0074611e-01  -3.0907173e-02  -3.1424858e-02   1.3713411e-02  -2.0753957e-02  -3.3163521e-02  -5.8352667e-02   1.0507950e-01   1.4219628e-03  -6.1012672e-03  -4.5546338e-02  -4.4394616e-02  -5.9235637e-02   3.8450440e-02  -5.0996514e-02   8.4334558e-02   6.3673461e-02  -2.3158404e-02  -3.2933662e-02   9.0476085e-02   1.7355496e-02   1.1661660e-02  -2.0927641e-02   6.0364704e-02   3.9892606e-02  -8.2408611e-02  -3.2009823e-02   3.2904151e-02   8.8582480e-02  -4.7775235e-02  -2.5263653e-02  -2.2550053e-02   1.9628824e-02  -3.6187115e-02  -1.4918609e-02  -7.3986247e-02  -3.3736796e-02  -7.8373504e-02  -1.7292584e-02  -2.1706028e-02  -6.7225448e-02   2.7254675e-02   7.9513636e-02  -3.2761039e-02   5.2577583e-02  -4.3156825e-02   4.8698592e-02  -8.2998858e-02  -3.7453017e-02   3.0723155e-02   2.2020821e-02  -2.1496249e-02  -4.6902543e-04  -8.4102660e-02  -4.5195522e-02   9.5961593e-02  -7.4859699e-02   6.3016265e-02  -6.0236224e-02  -5.3207897e-03   7.1728553e-02   6.0833705e-02  -1.8686581e-02   2.8387620e-02   8.8513911e-02  -3.0153584e-03  -7.6778674e-02  -3.2235707e-03  -5.8132653e-02  -1.0181571e-01  -6.4173968e-02   4.7088344e-02  -6.0015923e-03  -6.7640321e-02   5.4420551e-02  -2.7073627e-02  -4.0172136e-02   1.1413821e-02  -6.0585074e-02   0.0000000e+00   1.3485536e-01   7.3689212e-02  -2.1780200e-02  -3.7386815e-02  -5.5958957e-02  -6.3554574e-02
  -3.1651357e-02   1.6842823e-03   7.3297377e-02  -2.9986198e-02  -1.3707447e-02  -3.1633834e-02   1.9415110e-02   4.0063659e-03   9.5055562e-02  -9.4631828e-02   1.6620620e-01  -4.6749623e-03  -4.7930415e-02  -2.5081301e-02  -4.2892426e-02  -6.2953253e-02  -1.8513708e-02  -2.0373348e-02  -3.3165654e-02  -4.8221566e-02  -1.0015273e-01  -4.2548504e-02  -2.0721618e-02   4.6855670e-03  -3.6459566e-02   2.8849270e-02  -2.6714499e-02   2.3385391e-02  -3.5291113e-02  -1.1885360e-02   8.3724396e-02  -5.5947777e-03   5.6637983e-02   2.4989524e-01   1.2920399e-01  -3.6362617e-02   6.9663888e-02   1.2771192e-01   1.1287886e-02   6.0197706e-02  -6.0866401e-03   2.2374894e-02   1.1594991e-02  -7.4658504e-03   3.4993581e-02   1.0363579e-02  -3.8845692e-02  -5.9146003e-02   2.5438757e-02  -3.3218638e-02  -3.9000856e-02   4.9170448e-02  -4.3957218e-02  -9.6160052e-03   1.7020635e-02  -5.4662482e-02   4.6026619e-03  -4.9028535e-02  -2.9007351e-02  -2.8216142e-02   2.5066237e-02  -5.4360898e-02  -1.3743613e-01  -5.6575422e-02  -7.1644996e-02  -3.0381145e-02   1.3922403e-01  -7.3628078e-02   3.4533240e-02   9.5981852e-02  -7.7318359e-02  -4.6805088e-04   4.8944417e-02   1.4207753e-01   7.6337922e-02  -7.4470655e-02  -2.0032748e-02   3.0709189e-01  -7.6584851e-03   4.3090424e-04  -2.3715598e-03  -4.6174245e-03  -8.3721300e-02  -8.4552458e-02   3.1727699e-02   6.8823641e-03  -1.1978372e-03   3.7582531e-02  -2.9867646e-03  -4.3791883e-02  -2.0228512e-02   9.3432395e-02  -1.1457002e-01   1.3485536e-01   0.0000000e+00   8.8344303e-02   8.7124995e-02  -3.5822295e-02   6.6526755e-02  -1.5805274e-01
  -7.5482377e-03   8.4127314e-02   2.0194529e-02  -4.9592632e-03   1.7388326e-02   1.5812237e-01   3.1194626e-03  -7.0616389e-02   1.6885009e-02  -1.1855391e-02   3.1365333e-02   2.4203274e-02   3.0372110e-02  -5.4115865e-02  -4.5672404e-02  -7.8908961e-02  -3.0350219e-02  -3.0067698e-02  -3.7514740e-02   4.9127320e-02  -5.8182968e-02   4.0505879e-02  -2.5921741e-02  -4.2066311e-03   9.8428215e-03  -7.4688731e-02   1.1908397e-02   5.1574736e-02  -4.9539243e-03   6.5251794e-02  -2.9475132e-02   1.7448582e-02  -7.4474028e-02   4.9310447e-02  -1.2316618e-02  -2.6050644e-02  -1.2318858e-02   1.8706005e-02   2.5956082e-02   1.8234768e-02  -6.9463774e-02   1.6209996e-02  -8.1183737e-02   1.5680309e-02  -3.4685717e-03   3.1138764e-02  -1.1998080e-02  -1.0029052e-01  -5.4416994e-02  -6.6396573e-02  -2.3741440e-02   3.2750665e-02  -7.7564245e-02  -3.3576205e-02  -8.0034484e-02  -6.0813520e-02   7.4437442e-02   7.6996790e-03   2.2445169e-02  -8.5511584e-02  -6.8155222e-02  -1.4809520e-02  -4.4806727e-02   3.3532516e-02  -1.0299469e-01  -1.5720791e-02   4.1162645e-02  -9.1476122e-02  -3.9840037e-02   2.6328292e-02  -3.4511567e-02  -1.2907400e-02  -4.3925600e-02   5.1604063e-02   2.9357898e-02  -6.2798434e-02  -4.4252207e-02   1.2852248e-02   5.0787997e-02   2.4006964e-02  -2.6663766e-02  -3.4018565e-02  -9.9045863e-02  -9.9287783e-02  -8.2354968e-02   7.9054213e-02  -1.1405418e-03  -7.5934172e-02  -1.4914519e-04   1.6657652e-02  -2.3838460e-02   1.0387470e-01  -9.0101495e-02   7.3689212e-02   8.8344303e-02   0.0000000e+00   2.2680879e-02  -1.5128965e-02  -6.0290642e-02   1.9632195e-02
   1.1192817e-01  -2.0387593e-02   6.4293326e-02   2.2921276e-02   1.1766138e-01  -4.4196736e-02   1.3697280e-02   8.7007011e-04   2.7413255e-02  -1.7039728e-02  -7.7989287e-05  -4.9792783e-03  -8.5402045e-02   5.4273308e-02  -5.2571301e-02   4.3128859e-02   2.9837660e-02  -6.6223315e-02   4.0320790e-02   6.4948029e-02  -4.6540568e-02  -6.2411838e-02  -3.6932462e-02   2.7059948e-02   1.2564365e-01   6.4195019e-02   6.7753587e-03   1.7934523e-02   3.5827254e-02   2.6656315e-02   3.6525451e-02  -5.3070415e-03  -1.0624637e-02   1.0869408e-01   2.9475258e-02   2.2055897e-02   4.2594671e-02   4.1808135e-02   4.2222539e-02   7.8851972e-02   5.6229658e-02   5.0761192e-02  -2.4324215e-02   5.5921305e-02   9.1763695e-02   5.1466699e-02  -3.0299111e-02  -1.2991686e-02  -4.0689336e-02  -4.1441692e-02  -7.0564307e-02   9.9513219e-02  -1.7614086e-02   5.0700910e-02   5.3504831e-02  -6.2195634e-02  -3.0072098e-02  -6.8137669e-02  -7.5791940e-02  -1.8675462e-02  -2.3986862e-02   8.5587361e-02  -2.6075378e-02  -2.4198246e-02  -3.4830121e-02   1.3610569e-01   5.1411613e-02  -2.7195943e-02   9.2699476e-02   1.1269506e-02  -3.7795964e-03  -2.2975815e-02   7.8456898e-03   1.1114784e-01  -3.3991997e-02  -1.0279259e-01   3.3014873e-02   3.1216903e-02   1.8170201e-02  -9.1362163e-02  -8.1048313e-03   8.7910249e-02  -2.4868965e-02  -3.4940465e-02   4.4469147e-02   4.3108119e-02   6.7048003e-02  -2.6663272e-02   1.8421157e-02   3.1495520e-02  -2.7097657e-02   5.6389540e-02   4.3583514e-02  -2.1780200e-02   8.7124995e-02   2.2680879e-02   0.0000000e+00  -2.4109525e-03   4.8963114e-02   2.4964544e-02
   9.0343520e-02  -2.1751962e-02  -2.9077197e-02  -5.4638044e-03  -1.2034276e-02  -2.1694198e-02   2.6561907e-02   2.6261701e-01  -9.0400507e-02   3.0934762e-02  -3.8627712e-04  -1.9869232e-02   4.9101921e-02   1.1449342e-01  -4.5705406e-03   1.3913380e-01   1.6856023e-02   2.8842199e-03   4.3357136e-02   2.5641526e-02  -3.6639364e-03  -6.8442002e-03  -1.3980478e-02   7.0645369e-02  -4.4861821e-02  -3.4426149e-03   4.8842083e-02  -1.4709207e-02   1.3435277e-02   5.6011990e-02  -7.1248819e-02  -8.5021182e-02   1.3146370e-02   3.8677959e-02   9.3097404e-02   1.3064462e-01   1.2275920e-02  -1.0310347e-01   3.9001427e-02  -1.4966794e-02   2.7904397e-02   2.6614281e-02   1.8410400e-02   8.9379219e-02   1.6179827e-01   5.9479286e-02   4.2925650e-04   2.0613124e-02  -2.0245483e-02  -2.2219456e-02  -2.0658330e-02  -1.3833405e-02  -3.8597569e-02   2.6419078e-02   7.7551508e-02   3.1037054e-02  -2.5328699e-02   1.5866462e-02  -6.7235289e-03   4.8229601e-02   1.0022792e-01   2.3267420e-01  -2.3679813e-02  -4.5290480e-02  -1.1563783e-02   9.2756786e-02   8.4366447e-03   6.6564995e-02   7.0860124e-02   6.2968738e-02  -3.3041180e-02   1.1766229e-01  -2.8160242e-02  -1.6451085e-02  -3.2636177e-02   4.2146737e-03  -3.8409478e-03  -2.7564756e-03  -6.5060022e-03  -1.6013222e-02   3.4492570e-04   7.2737760e-02  -3.0083543e-02   7.5156686e-02  -7.3537257e-02   5.1340866e-02  -1.0513336e-01  -4.5992125e-02   6.7763133e-02   7.5842638e-02   2.8047110e-02  -5.5283256e-04  -7.1252256e-03  -3.7386815e-02  -3.5822295e-02  -1.5128965e-02  -2.4109525e-03   0.0000000e+00  -6.7682047e-03   1.6806625e-01
   2.6847006e-02  -3.3415731e-02  -5.7803653e-02   5.7750609e-02   4.6870206e-02  -6.9303005e-02  -1.9620394e-02   7.7114755e-02   1.7958391e-02  -5.4874999e-03  -9.5518262e-02  -3.4615231e-02  -3.3683882e-02   4.6690090e-02  -6.5443007e-02   2.7911389e-02   9.1626605e-03  -4.1929602e-02   7.3154042e-02  -4.6860988e-02  -2.1225048e-02  -7.2998047e-02  -3.6565315e-02   2.4983891e-02  -5.9945379e-02   1.6991750e-02   2.5543868e-02  -4.1087894e-02  -4.4341745e-02  -2.0029396e-02   3.5563740e-02  -1.8962492e-02   8.0571995e-02  -3.5267061e-02   1.0934921e-01   5.6470415e-02   7.0178369e-03   7.6571963e-02   5.4688460e-02   1.1295690e-01   6.0558891e-02   2.7261155e-03  -8.3346992e-03   5.5900784e-02  -1.7872956e-02  -2.3340110e-02  -3.9956918e-02   2.7282207e-02   2.7401399e-02   5.7585540e-02  -1.0261174e-01  -7.0175656e-03   4.0347576e-02  -1.1131227e-02   1.1497522e-01   1.8947357e-02  -2.4521314e-02   1.1906253e-01  -3.9297678e-02   5.9462125e-02  -2.5137975e-03  -5.3571551e-03   3.5866762e-02  -1.1772203e-01   8.3380118e-03   5.1750044e-02  -4.8990688e-02   2.0739780e-01   1.4453366e-01  -5.6721722e-02  -3.3582492e-02   2.7465475e-02   1.7274091e-01   2.0772439e-02  -4.6900790e-02   1.8413192e-02   4.4958394e-03  -5.1715059e-02  -1.2361373e-02  -1.0392265e-02   3.2223326e-02   1.4012350e-01  -7.9577906e-02   1.3535850e-01   1.1568751e-01  -4.8144952e-02  -6.2782404e-02   7.4444620e-02   2.7892151e-03   1.3187895e-02   1.8846099e-03  -5.5754401e-02   1.9909944e-02  -5.5958957e-02   6.6526755e-02  -6.0290642e-02   4.8963114e-02  -6.7682047e-03   0.0000000e+00  -9.6397909e-02
  -2.7339603e-02  -4.4623219e-02   2.2807654e-02  -9.4846658e-02  -4.2454718e-02  -6.0586412e-05   5.2541520e-02   8.9151498e-02  -3.2530333e-02   1.7608463e-01  -6.1471843e-02  -9.1538079e-03   6.3695469e-03  -6.2625685e-02  -3.1624923e-02   1.6544550e-02   3.1122208e-02  -6.5806464e-02   2.5091038e-02   1.3992200e-02   7.5968655e-02  -9.1264650e-02  -1.0227239e-02  -1.0326005e-02   2.7568525e-01   1.3018294e-01  -1.1093915e-02  -3.0236838e-02   5.2982841e-02   1.5489947e-02  -5.8958887e-02  -2.3726973e-02  -1.0185140e-01   5.0276607e-02  -6.9761045e-02   6.1960426e-02   8.1199026e-02  -8.2742119e-02  -9.5756422e-02  -2.4621678e-02  -4.8107407e-02   1.6973989e-01  -2.4537745e-02   7.6367531e-02  -1.5116674e-02   5.1549354e-02   9.1063128e-02  -1.9904447e-02  -4.7050943e-02   2.9798420e-02  -2.9457370e-02   1.6084870e-01  -4.4008274e-02  -3.3047100e-02  -4.1304275e-02  -8.2703477e-02  -8.1878105e-03  -5.4827479e-02  -3.3899767e-02  -5.3445173e-02   5.6008075e-02   2.1978246e-01   2.1911584e-02  -1.5356229e-02  -4.0542419e-02   4.4759543e-02   2.6917474e-02  -8.1495311e-02  -9.0227815e-02   4.1526220e-02   7.2817709e-02   1.0830012e-01  -1.0475009e-01  -8.0296496e-02  -8.6513019e-03  -7.7332869e-02   1.9282563e-02  -7.1692586e-02  -5.3662985e-02  -6.3108060e-02  -2.3732628e-03   4.9968399e-02   7.0312764e-02  -9.0478485e-02  -1.0553453e-01  -1.0502622e-02  -7.7187192e-02  -1.0792927e-01  -5.4758169e-02   1.1818962e-01   2.7025055e-02   1.5764236e-02   3.4889908e-02  -6.3554574e-02  -1.5805274e-01   1.9632195e-02   2.4964544e-02   1.6806625e-01  -9.6397909e-02   0.0000000e+00
